PAIS;PIB;POB;IDH;GINI;IPC;FAO;GENERO;ELECTRICIDAD;ESCOLARIDAD;SUICIDIOFEM;SUICIDIOMAS;BOSQUE;FOSIL;DIOXIDO;DESASTRE;AFECTADOS;HOMICIDIO;MORTINF;MORTMAT;TURISMO;INTERNET;VIOLENCIA;VIDA;CELULAR;DESERCION;PRISION;RENOVABLE;PARLAMENTO;INMIGRANTES
Qatar;127.5426464;2.169;0.8498;29.95;107.07;1.75;0.524;98;13.79;1.2;5.7;0;100;43.893;0.014;0;1.1;8.2;6;2.611;91.49;38.3;78.2;145.76;2.26;60;0;0;73.82
Luxembourg;87.77163904;0.543;0.8919;29;108.01;1.27;0.1;100;13.88;4.4;13;33.49;87.36;20.898;0;0;0.8;2;11;0.945;94.67;39.5;81.7;148.37;5.6;122;3.98;28.33;43.25
Kuwait;82.36923077;3.25;0.8163;29;111.19;2.6;0.387;98;14.75;0.8;1;0.37;100;29.132;0;0;0.4;9.5;14;0.3;78.7;39.5;74.4;218.43;5.93;137;0;1.54;60.21
Singapore;76.24004445;5.399;0.9118;29.95;112.65;1.02;0.088;100;15.4;5.3;9.8;3.29;97.21;4.32;0;0;0.2;2.8;6;11.9;82;9.2;83;158.13;1.32;230;2.79;25.25;42.93
Brunei;69.44976077;0.418;0.8556;29;102.88;2.95;0.064;76;14.53;5.2;7.7;71.42;100;23.968;0;0;2;9.9;27;0.225;68.77;39.5;78.8;110.06;3.63;122;0;23.17;49.35
Norway;62.45082612;5.084;0.9439;26.83;104.19;1.51;0.067;100;17.49;5.2;13;27.97;57.27;9.193;0.063;0;2.2;2.8;4;4.963;96.3;26.8;81.6;116.51;1.51;72;47.75;39.64;13.77
United Arab Emirates;57.04214643;9.206;0.8355;29;102.66;1.58;0.232;98;13.33;1.7;3.9;3.82;48.29;19.998;0.087;0;0.7;8.2;8;7.126;90.4;39.5;77;178.06;8.04;238;0.08;17.5;83.75
Switzerland;54.70115085;8.081;0.9296;32.35;99.32;1.35;0.028;100;15.79;5.1;13.6;31.61;51.08;4.625;0.591;0;0.6;4.2;6;8.967;87;39;83;140.54;6.06;82;49.66;28.46;28.91
Saudi Arabia;52.0677096;28.829;0.8373;29;112.7;2.89;0.284;98;16.27;0.2;0.6;0.45;100;18.741;1.19;1.065;0.8;15.5;16;13.4;63.7;39.5;74.3;179.56;1.31;162;0;19.87;31.43
Hong KongÂ ;51.51245304;7.187;0.91;29.95;114.3;1.56;0.053;100;15.6;5.8;16.3;41.16;94.77;5.695;1.587;0;0.4;7.8;5;25.7;74.56;21;84;239.3;1;128;0.39;34.69;38.93
United States;51.34046544;316.129;0.915;41.12;106.83;1;0.28;100;16.48;5.2;19.4;33.32;83.55;17.02;1603.992;4.721;4.7;6.9;28;69.8;87.36;35.6;79.1;98.41;2.43;716;16.3;19.44;14.31
Netherlands;44.94525113;16.804;0.9218;28.87;107.47;1.38;0.062;100;17.92;4.8;11.7;10.82;91.45;10.064;0;0;0.9;4;6;12.8;93.17;39.5;81.6;116.42;6.06;82;6.67;36.89;11.72
Ireland;44.9336235;4.595;0.9155;32.06;104.84;1.23;0.113;100;18.57;5.2;16.9;10.98;84.73;7.881;0.062;0;1.2;3.8;9;8.26;79.69;14.5;80.9;104.26;6.12;88;6.41;19.91;15.9
Oman;44.53228727;3.314;0.793;29;108.43;3.28;0.275;98;13.64;0.6;1.2;0.01;100;21.441;2.261;0;1.1;11.4;11;1.551;70.22;39.5;76.8;157.75;6.44;61;0;9.58;30.61
Austria;44.37455747;8.474;0.885;30.04;107.95;1.43;0.053;100;15.75;5.4;18.2;47.29;67.08;7.77;0.163;0;0.9;3.9;4;24.8;81;29.1;81.4;151.91;0.26;98;32.18;30.33;15.7
Sweden;43.73918482;9.593;0.9068;26.08;103.83;1.46;0.055;100;15.82;6.1;16.2;69.24;31.74;5.518;0;0;0.7;3;4;5.229;92.52;46;82.2;127.84;4.42;67;70.53;43.55;15.88
Germany;43.20656893;80.622;0.9161;30.63;105.69;1.54;0.041;100;16.46;4.1;14.5;31.78;80.19;8.918;0.814;0;0.8;3.9;7;31.5;86.19;40;80.9;120.42;3.76;79;20.39;36.86;11.9
Australia;42.83083308;23.131;0.935;34.01;107.79;1.36;0.11;100;20.22;5.2;16.1;19.19;95.37;16.519;30.935;0.773;1.1;4;6;6.382;84.56;39.9;82.4;131.23;6.12;130;4.63;30.53;27.71
Bahrain;42.44744745;1.332;0.8239;29;105.65;2.24;0.265;98;14.4;2.9;11.6;0.74;99.89;18.131;0.007;0;0.5;6.1;22;9.163;91;39.5;76.6;173.27;2.19;275;0;15;54.75
Denmark;41.98788742;5.614;0.9233;26.88;106.06;1.31;0.048;100;18.69;4.1;13.6;12.92;70.58;7.248;0;0;0.8;3.5;5;8.557;95.99;50;80.2;125.96;1.11;73;26.77;37.99;9.91
Canada;41.89459014;35.158;0.9132;33.68;105.45;1.25;0.129;100;15.88;4.8;14.9;34.1;73.69;14.136;12.795;0.726;1.6;5.2;11;16.6;87.12;6.4;82;82.98;4.64;118;27.9;28.17;20.7
Iceland;41.23839009;0.323;0.8994;26.3;113.64;1.77;0.087;100;18.98;6.7;21;0.32;15.27;5.897;0;0;0.3;2.1;4;0.8;98.16;42;82.6;111.08;2.08;47;84.73;41.27;10.43
Liechtenstein;41.06571331;8.811;0.9075;29;106.46;1.58;0.064;100;14.95;5.8;19.8;43.13;48.29;1.411;0.048;0;0;5.1;5;0.052;95.21;39.5;80;104.32;20.6;24;55.98;20;33.06
Andorra;41.06571331;8.811;0.8446;29;106.46;1.58;0.064;100;13.52;6.5;19.8;34.04;48.29;6.311;0.048;0;1.3;3;5;2.335;95.9;39.5;81.3;82.64;6.12;38;40.89;50;56.91
Belgium;40.60741402;11.195;0.8903;33.14;107.66;1.68;0.063;100;16.33;7.7;21;22.45;70.09;8.849;0.1;0;1.6;4.4;6;7.684;85;28.9;80.8;114.27;13.49;108;28.26;42.38;10.44
Finland;38.84905313;5.439;0.8827;27.79;107.89;1.6;0.075;100;17.07;7.5;22.2;72.91;43.04;10.164;0.041;0;1.6;2.6;4;4.226;92.38;43.5;80.8;139.66;0.45;58;47.5;42.5;5.4
France;37.15469195;66.028;0.8881;31.69;105.01;1.7;0.088;100;16;6;19.3;29.31;49.11;5.185;54.109;0.063;1;4.2;12;84.7;83.75;30.5;82.2;100.36;2.43;98;52.41;25.73;11.57
United Kingdom;37.01717709;64.097;0.9067;38.04;110.18;1.19;0.177;100;16.18;2.6;9.8;11.97;85.09;7.086;42.645;3.107;1;4.6;8;31.2;91.61;28.4;80.7;123.58;1.56;147;14.37;23.53;12.39
Japan;35.61422659;127.339;0.8906;32.11;100.04;1.89;0.133;100;15.33;10.1;26.9;68.57;94.79;9.292;117.251;4.091;0.3;2.9;6;10.4;90.58;18.5;83.5;120.23;0.16;51;5.21;11.58;1.92
Italy;34.16723772;59.831;0.873;35.52;107.16;2.01;0.068;100;16.04;1.9;7.6;31.63;83.72;6.703;9.132;7.43;0.9;3.6;4;47.7;61.96;31.9;83.1;154.25;0.67;106;13.94;30.07;9.38
New Zealand;32.8069783;4.471;0.9135;28.76;106.73;1.96;0.157;100;19.16;5;14.4;31.34;61.43;7.124;63.604;0.072;0.9;6.3;8;2.629;85.5;33.1;81.8;112.05;2.49;192;38.37;31.4;25.14
South Korea;32.7078853;50.22;0.8983;31.01;107.67;1.85;0.125;100;16.87;18;41.7;63.78;82.81;11.841;10.37;0.462;0.9;3.7;27;12.2;84.33;30.3;81.9;115.54;0.81;99;17.16;16.33;2.5
Equatorial Guinea;32.68163804;0.757;0.5866;28.85;120.73;3.27;0.207;66;8.97;8.6;24.1;57.13;73.08;9.342;0;0;19.3;95.8;290;0;18.86;31.3;57.6;66.39;27.93;95;9.72;19.65;1.34
Spain;31.59667288;46.647;0.8761;35.75;107.21;2.01;0.095;100;17.35;2.2;8.2;37.14;75.89;5.791;2.391;1.533;0.8;4.2;4;60.7;76.19;30.5;82.6;107.85;2.85;147;24.89;37.99;13.78
Israel;30.92431762;8.06;0.8943;42.78;106.83;2.2;0.101;100;15.95;2.3;9.8;7.1;96.69;8.952;223.87;0;1.8;4;2;2.962;71.45;43.7;82.4;121.45;1.06;223;4.82;22.5;26.47
Trinidad and Tobago;29.47054437;1.341;0.7719;28.53;120.81;4.04;0.371;100;12.35;6.2;20.4;43.85;99.93;37.188;0;0;28.3;21.3;84;0.434;65.1;41.2;70.4;147.34;10.61;281;0.07;24.66;2.42
Malta;28.84160757;0.423;0.839;28.53;106.65;2.59;0.227;100;14.41;0.7;11.1;0.94;94.51;6.034;4.355;0;2.8;6.1;9;1.582;73.17;16;80.6;126.98;5.54;145;5.49;13.04;8.03
Czech Republic;27.96026994;10.521;0.8701;26.39;106.81;2.27;0.091;100;16.39;3.9;21.5;34.46;76.85;10.431;132.271;0;1;3.6;5;9.004;79.71;58;78.6;130.03;0.75;154;26.51;18.86;4.04
Slovenia;27.58252427;2.06;0.8803;24.87;106.29;2.21;0.016;100;16.81;4.4;20.8;62.41;66.59;7.504;6.416;0.106;0.7;2.9;7;2.259;71.59;41.2;80.4;112.08;1.18;66;34.51;27.69;11.26
Cyprus;27.38479263;0.868;0.8497;28.53;105.33;2;0.124;100;13.97;1.5;7.7;18.76;94.89;6.736;0;0;2;3.6;10;2.405;69.33;41.2;80.2;96.34;4.73;106;5.11;12.5;18.17
Slovakia;26.26339121;5.414;0.8436;26.58;109.17;2.6;0.164;100;15.06;2.5;18.5;40.21;67.51;6.368;0.104;0;1.4;7.2;7;6.235;79.98;27.9;76.3;116.94;2.05;187;32.31;18.67;2.75
Portugal;25.59560229;10.46;0.8301;30.66;106.82;2.47;0.111;100;16.31;3.5;13.6;37.82;74.92;4.71;0.507;0.008;1.2;3.8;8;8.097;64.59;38;80.9;111.8;2.33;136;21.98;31.3;8.43
Estonia;25.1245283;1.325;0.8608;32.69;112.15;2.76;0.164;100;16.48;3.8;24.9;51.8;88.15;14.05;0.01;0;5;3.4;11;2.868;84.24;31.3;76.8;160.69;3.02;238;14.59;19.8;16.31
Greece;24.54042785;11.032;0.8652;34.74;103.92;2.55;0.146;100;17.63;1.3;6.3;30.75;90.58;7.556;9.129;0.404;1.7;4.4;5;17.9;63.21;30.5;80.9;114.96;5.58;111;8.83;21;8.88
Lithuania;24.48240866;2.956;0.8394;32.63;108.5;3.5;0.125;100;16.39;8.4;51;34.71;74.05;4.538;0;0;6.7;4.9;11;2.012;72.13;37.6;73.3;147.04;2.5;329;14.49;23.4;4.9
Seychelles;23.82022472;0.089;0.7725;65.77;114.62;6.65;0.185;100;13.37;3.5;20.2;88.48;75.51;6.836;1.266;0;9.5;14.2;14;0.23;54.26;43.8;73.1;162.19;15.12;709;18.72;43.75;13.01
Russia;23.56418118;143.5;0.7979;39.69;121.63;4.3;0.276;100;14.69;6.2;35.1;49.41;91.02;12.647;23.114;1.446;9.2;10.1;24;30.8;70.52;24.3;70.1;155.14;3.4;475;9.2;14.52;7.73
Argentina;22.98258172;8.382;0.8356;43.57;110.45;3.27;0.376;100;17.95;4.1;17.2;10.57;89.67;4.666;13.974;0.15;5.5;13.3;69;5.571;64.7;31.3;76.3;158.74;2.9;147;9.3;36.78;4.55
Hungary;22.91401435;9.897;0.8284;28.94;111.79;2.43;0.209;100;15.39;7.4;32.4;22.62;71.13;4.863;10.438;0;1.3;6.1;14;10.7;76.13;30.5;75.2;118.05;1.93;186;25.96;10.1;4.75
Poland;22.87716384;38.531;0.8427;32.78;109.08;2.65;0.138;100;15.47;3.8;30.5;30.67;90.68;8.336;10.737;0;1.2;5.2;3;15.8;66.6;35;77.4;156.45;1.47;217;9.55;22.14;1.74
Malaysia;22.58942693;29.717;0.7792;46.21;107.12;2.91;0.209;100;12.73;1.5;4.7;61.73;94.48;7.848;301.938;3.075;2.3;8.5;29;25.7;67.5;37.6;74.7;148.83;0.88;132;5.48;14.23;8.31
Bahamas;22.5464191;0.377;0.79;30.75;105.62;1.62;0.298;100;12.57;1.3;3.6;51.45;79.81;5.205;2.377;0;29.8;12.9;37;1.364;76.92;26.8;75.4;71.44;10.5;444;30.15;16.67;16.26
Kazakhstan;22.46625191;17.038;0.788;28.56;120.54;3.27;0.267;100;15.02;9.3;40.6;1.22;98.94;15.81;10.794;0.943;7.8;16.3;26;4.926;54.89;31.3;69.4;168.62;0.72;295;0.97;20.13;21.14
Latvia;21.82811724;2.013;0.8188;36.03;106.71;2.86;0.167;100;15.24;4.3;30.7;54.31;63.69;3.787;0;0;4.7;8.4;13;1.536;75.83;26.8;74.2;124.2;9.71;304;33.84;18;13.8
Chile;21.71339387;17.62;0.8322;50.84;108.35;2.62;0.338;100;15.25;5.8;19;21.93;75.64;4.588;423.78;85.145;3.1;8.2;22;3.576;72.35;35.7;81.7;133.26;1.33;266;24.16;15.82;2.26
Saint Kitts and Nevis;20.74074074;0.054;0.7519;31;109.37;2.86;0.254;91;12.88;2.8;27.8;42.31;83.19;5.054;0;0;33.6;10.2;9;0.107;65.4;27;73.8;139.81;7.18;714;27.28;6.67;10.47
Libya;20.36923573;6.202;0.7245;37.68;125.71;3.27;0.134;100;14.04;1.4;2.2;0.12;98.74;6.393;0.208;0;1.7;14.5;15;0.034;17.76;27.4;71.6;161.12;3.39;81;1.29;15.96;12.19
Antigua and Barbuda;20.33333333;0.09;0.7834;41.95;108.08;2.63;0.259;91;13.95;4.6;15;22.27;66.92;5.824;3.196;0;11.2;9.3;31;0.244;64;46.9;76.1;120.02;8.68;403;11.02;25.71;31.93
Croatia;20.06113332;4.253;0.8175;33.61;108.08;3.16;0.149;100;14.81;4.5;19.8;34.43;81.6;4.802;1.177;0;1.2;4.5;13;11;68.57;26.2;77.3;104.43;0.56;108;10.56;25.83;17.65
Uruguay;18.96683299;3.407;0.7928;41.32;126.87;3.14;0.313;100;15.5;5.2;20;10.48;57.01;2.298;12.545;1.012;7.9;11.1;14;2.683;61.46;27.4;77.2;160.8;5.26;281;42.11;11.54;2.16
Cuba;18.79655906;11.276;0.769;47.08;110.49;3.38;0.356;100;13.83;4.5;18.5;27.61;86.72;3.186;345.321;7.509;4.2;6.2;80;2.829;30;46.9;79.4;22.48;4.21;510;13.28;48.86;0.14
Panama;18.79399586;3.864;0.7797;51.9;116.42;2.95;0.454;91;13.28;1.3;8.1;43.41;79.71;2.584;9.493;0.137;17.2;17.9;85;1.658;44.92;27.4;77.6;158.05;8.39;411;20.15;19.3;4.1
Turkey;18.66000294;74.933;0.7611;40.04;124.63;3.79;0.359;100;14.54;4.2;11.8;15.04;89.51;4.392;16.228;3.406;2.6;19.2;20;37.8;51.04;19.7;75.3;94.79;9.98;179;10.28;14.42;2.49
Gabon;18.6423445;1.672;0.6835;42.19;104.46;5.22;0.514;89;12.5;4.5;12.1;85.38;38.87;1.403;10.92;0.087;9.1;56.1;240;0.269;9.81;37.9;64.4;210.37;4.7;196;61.13;16.22;23.63
Romania;18.19975957;19.964;0.7928;27.33;113.67;3.7;0.333;100;14.21;2.9;18.4;28.89;77.67;4.211;11.215;0.529;1.7;12;33;8.019;54.08;28.5;74.7;105.91;5.95;155;22.77;11.95;0.92
Venezuela;17.61486598;30.405;0.7623;44.77;214.69;4.52;0.476;100;14.22;1;4.3;51.81;88.85;6.4;16.575;0.39;53.7;14.9;110;0.986;57;27.4;74.2;98.95;4.88;161;11.18;16.97;3.85
Belarus;17.05472216;9.466;0.7984;26.46;288.65;5.29;0.151;100;15.66;6.4;32.7;42.91;90.37;6.683;4.463;0;5.1;4.9;1;0.137;59.02;27.4;71.3;122.5;1.33;335;5.88;30.12;11.6
Mauritius;16.65123457;1.296;0.7766;35.9;114.56;4.9;0.419;100;15.58;2.9;13.2;17.26;76.7;3.127;0.278;0;2.8;14.3;73;0.993;41.44;27.4;74.4;132.25;4.19;202;10.25;11.59;3.62
Lebanon;16.62413253;4.467;0.7689;37.68;111.88;3.18;0.385;100;13.75;0.6;1.2;13.4;95.52;4.675;0.002;0;2.2;9.1;16;1.274;74.7;27.4;79.3;88.35;6.71;118;3.34;3.13;17.62
Azerbaijan;16.59233301;9.417;0.7511;33.03;111.58;3.18;0.303;100;11.94;1;2.4;11.32;97.86;3.647;10.157;0.724;2.1;34.2;26;2.13;61;15;70.8;110.91;1.81;413;2.6;15.57;3.44
Mexico;16.29083151;122.332;0.7562;48.07;111.76;3.74;0.373;99;13.06;1.7;7.1;33.18;90.1;3.909;1208.876;39.038;21.5;14.5;49;24.2;44.39;46.7;76.8;82.54;4.25;210;9.86;37.1;0.9
Bulgaria;15.69580179;7.265;0.7817;34.28;108.25;3.19;0.212;100;14.35;5.3;16.6;37.19;75.04;6.714;5.871;0;1.9;11.6;5;6.898;55.49;27.4;74.2;137.71;3.06;151;29.36;20.42;1.16
Suriname;15.56586271;0.539;0.7143;44.77;125.98;6.23;0.463;100;12.69;11.9;44.5;94.56;66.9;3.606;3.256;0;6.1;22.8;130;0.249;40.08;37.9;71.1;170.57;9.65;186;25.56;11.76;7.73
Barbados;15.30035336;0.283;0.7855;44.77;116.46;2.39;0.357;91;15.42;0.6;4.1;19.44;66.9;5.556;0.253;0;7.4;14.4;52;0.509;76.67;30;75.6;106.78;6.63;521;8.34;19.61;11.34
Botswana;15.2498763;2.021;0.6979;60.46;123.5;2.93;0.48;53;12.49;2;5.7;19.61;65.38;2.444;3.254;0;18.4;46.6;170;2.145;18.5;27.4;64.5;167.3;7.03;205;22.27;9.52;7.25
Iran;15.09006159;77.447;0.7656;38.28;213.95;4.47;0.515;100;15.09;3.6;6.7;6.8;99.52;7.777;113.645;0.705;4.1;16.8;23;4.769;39.35;27.4;75.4;87.79;3.82;284;0.69;3.1;3.42
Palau;14.76190476;0.021;0.7802;38.67;117.17;4.91;0.359;59;13.67;3.5;13.6;87.61;74.66;10.855;0;0;3.1;17.5;87;0.105;54.97;21.1;72.7;90.6;5.2;295;9.43;10.34;26.72
Brazil;14.55505535;200.362;0.7553;52.67;119.37;2.61;0.457;100;15.19;2.5;9.4;61.63;54.57;2.231;902.76;10.574;25.2;13.7;69;5.813;57.6;38.8;74.5;138.95;19.38;274;44.25;9.6;0.3
Iraq;14.47167609;33.417;0.6539;29.54;114.35;5.06;0.539;100;10.08;2.1;1.2;1.9;97.5;4.208;7.717;0.282;8;34;67;0.892;11.3;27.4;69.4;94.91;5.36;110;0.95;26.52;0.28
Montenegro;14.15458937;0.621;0.8022;30.63;109.1;5.58;0.171;100;15.18;6.4;24.7;40.37;60.19;4.146;1.242;0;2.7;5.3;7;1.324;61;37.9;76.2;163.03;19.5;208;28.41;17.28;8.16
Thailand;13.93174255;67.011;0.7258;39.37;109.28;4.52;0.38;100;13.47;4.5;19.1;37.19;80.44;4.557;4737.726;1.64;5;13.1;26;26.5;34.89;43.8;74.4;144.44;17.41;398;18.91;6.09;5.55
Turkmenistan;13.55534351;5.24;0.6875;38.67;117.17;4.91;0.359;100;10.8;7.5;32.5;8.78;74.66;12.184;0;0;12.8;55.2;61;0.008;12.2;21.1;65.6;135.78;5.2;224;0;25.81;4.32
Costa Rica;13.4318555;4.872;0.7657;48.61;115.33;3.24;0.349;100;13.86;2.2;11.2;51.91;48.26;1.656;46.138;0;8.5;9.6;38;2.428;49.41;60;79.4;143.83;12.28;314;51.8;33.33;8.61
Algeria;12.89303203;39.208;0.7356;38.82;117.52;5.11;0.413;100;13.97;1.5;2.3;0.62;99.89;3.224;13.463;0.469;0.7;25.2;89;2.634;18.09;29.2;74.8;93.31;7.23;162;0.14;25.74;0.69
Serbia;12.89223897;7.164;0.7711;29.65;128.46;3.96;0.176;100;14.39;5.8;19.9;32.1;89.09;6.799;129.536;0.109;1.2;6.6;16;0.922;53.5;26.2;74.9;122.13;0.78;142;11.06;34;5.6
South Africa;12.10562078;52.982;0.6659;65.02;117.13;3.04;0.407;85;13.56;1.1;5.5;7.62;87.24;9.257;45.591;0.894;31;43.9;140;9.537;49;25.2;57.4;149.68;23.01;294;12.95;40.75;4.55
Colombia;12.02541338;48.321;0.7202;53.53;108.86;2.74;0.429;97;13.55;1.9;9.1;54.35;75.59;1.538;869.828;1.32;30.8;16.9;83;2.288;52.57;37.4;74;113.08;15.29;245;24.82;20.9;0.27
Dominican Republic;11.79546328;10.404;0.715;45.68;117.9;4.09;0.477;98;13.08;2.1;6.1;40.81;89.35;2.157;42.211;1.203;22.1;28.1;100;4.69;49.58;17.2;73.5;78.86;8.86;240;10.65;19.07;3.87
Macedonia;11.60892264;2.107;0.7473;44.2;110.34;5.08;0.164;100;13.35;3.2;7.3;39.94;82.15;4.438;101.675;0;1.4;6.6;7;0.4;68.06;38.4;75.4;109.1;2.51;122;10.44;33.33;6.63
China;11.52456939;1357.38;0.7275;37.01;111.05;3.25;0.191;100;13.07;8.7;7.1;22.62;88.3;6.71;99515.216;288.105;1;12.7;32;55.7;49.3;31.2;75.8;92.27;24.34;121;11.74;23.62;0.06
Jordan;11.40579037;6.459;0.7483;33.69;115.37;4.5;0.473;100;13.51;1.9;2.2;1.1;95.99;3.601;0;0;2;18.7;50;3.945;44;23;74;147.8;2.1;95;2;11.56;40.22
Peru;11.39649723;30.376;0.7342;45.33;110.17;3.87;0.406;91;13.07;2.1;4.4;52.88;75.98;1.792;407.279;5.964;9.6;16.7;89;3.164;40.2;38.9;74.6;102.92;26.12;202;24.01;22.31;0.35
Maldives;11.27536232;0.345;0.7064;37.37;129.44;3.51;0.243;100;12.95;4.9;7.8;3;74.66;3.325;0.313;0;3.9;9.9;31;1.125;49.28;28.4;76.8;189.38;17.15;307;5.64;5.88;24.41
Grenada;11.22641509;0.106;0.75;38.67;105.47;3.35;0.359;91;15.8;3.5;3.6;49.97;74.66;2.408;0.167;0;13.3;11.8;23;0.116;37.38;21.1;73.4;126.53;5.83;424;11.6;25;10.73
Tunisia;10.76795885;10.886;0.7212;35.79;115.98;3.86;0.24;100;14.62;1.4;3.4;6.69;85.25;2.402;0.67;0;2.2;15.2;46;6.269;46.16;27.1;74.8;128.49;5.87;199;14.77;31.34;0.33
Egypt;10.73352345;82.056;0.6899;30.75;129.06;7.47;0.573;100;13.53;1.2;2.4;0.07;96.48;2.781;0.451;0.066;3.4;21.8;45;9.174;31.7;33.7;71.1;114.31;3.9;80;3.7;2.18;0.36
Ecuador;10.54072944;15.738;0.7317;46.57;112.81;3.39;0.407;97;14.17;5.3;13.2;38.13;86.29;2.343;94.458;1.547;12.4;22.5;87;1.364;43;46.3;75.9;103.9;11.1;149;12.86;41.61;2.28
Albania;10.4037491;2.774;0.7328;28.96;107.6;6.43;0.217;100;11.82;5.2;6.6;28.25;60.53;1.607;57.055;0.02;5;14.9;21;2.857;60.1;43.8;77.8;105.47;1.33;158;26.56;20.71;3.05
Saint Vincent and the Grenadines;10.18348624;0.109;0.72;42.74;106.72;3.4;0.441;76;13.42;4.6;13.9;68.87;63.67;2.18;2.428;0.06;25.6;19;45;0.072;56.48;43.8;72.9;105.16;31.43;376;21.05;13.04;9.38
Saint Lucia;10.16483516;0.182;0.7291;51.73;108.64;3.44;0.386;91;12.57;3.1;7.6;77.05;61.19;2.271;21.056;0;21.6;14.5;34;0.319;51;31.2;75.1;102.59;10.43;317;26.76;20.69;6.68
Dominica;10;0.072;0.7238;40.35;103.73;4.11;0.341;93;12.65;3.5;14.6;58.8;63.67;1.746;0.785;0.01;21.1;11.4;63;0.078;62.86;41.2;77.8;127.45;13.57;391;42.84;21.88;8.91
Sri Lanka;9.425865352;20.483;0.7567;36.4;122.7;6.88;0.37;89;13.71;12.8;46.4;29.19;48.66;0.73;955.485;118.126;3.4;9.6;29;1.275;25.8;38.4;74.9;103.16;3.43;132;51.34;5.78;1.53
Bosnia and Herzegovina;9.38887438;3.829;0.7325;33.04;105.71;4.82;0.201;100;13.6;4.1;18;42.84;93.92;6.185;105.598;0;1.3;6.6;8;0.529;60.8;46.9;76.5;91.28;17.23;78;7.89;19.3;0.61
Namibia;9.279201042;2.303;0.6276;61.32;118.18;3.45;0.401;47;11.34;1.4;4.4;8.67;65.97;1.252;147.312;0;17.2;49.8;130;1.176;14.84;42.5;64.8;113.76;15.54;191;21.02;37.69;2.23
Indonesia;9.254400359;249.866;0.6838;38.14;116.91;6.73;0.494;96;12.99;4.9;3.7;51.37;66.42;2.313;1072.527;81.79;0.6;29.3;190;8.802;17.14;3.1;68.9;126.18;11.03;59;33.58;17.12;0.12
Mongolia;9.13349771;2.839;0.7266;36.52;136.72;4.78;0.325;90;14.59;3.7;16.3;6.91;95.37;6.927;82.871;0;9.7;31.8;68;0.418;27;46.9;69.4;105.06;9.1;287;4.07;14.86;0.61
Jamaica;8.607734807;2.715;0.7185;45.51;125.69;4.96;0.43;93;12.36;0.7;1.8;31.05;82.1;2.873;35.968;0.118;39.3;16.6;80;2.008;40.5;35;75.7;102.92;13.92;152;17.9;16.67;1.25
Ukraine;8.508023741;45.49;0.747;24.82;108.26;5.23;0.286;100;15.14;5.3;30.3;16.84;79.63;6.262;42.932;0.322;4.3;10;23;24.7;43.4;18.3;71;144.08;0.65;305;20.71;11.85;11.39
Belize;8.222891566;0.332;0.715;42.74;98.24;3.03;0.426;100;13.55;0.5;4.9;60.23;63.67;1.739;7.397;0;44.7;16.7;45;0.294;38.7;43.8;70;50.71;9.09;476;18.71;13.33;15.32
Paraguay;7.832990297;6.802;0.6792;48.01;115.25;4.33;0.472;98;11.91;3.2;9.1;43.35;33.81;0.806;266.273;0.212;9.7;21.9;110;0.61;43;46.8;72.9;105.6;19.88;118;145.19;16.8;2.73
Armenia;7.524353376;2.977;0.733;30.3;116.8;8.87;0.318;100;12.32;0.9;5;8.91;71.54;1.674;7.59;0;1.8;15.6;29;1.084;46.3;9.5;74.7;115.92;4.38;164;32.66;10.69;10.65
El Salvador;7.515772871;6.34;0.6658;41.8;107.79;4.28;0.427;94;12.26;5.7;23.5;13.43;47.87;1.069;59.457;1.817;41.2;15.7;69;1.283;29.7;26.3;73;144.03;16.21;422;51.9;27.38;0.66
Fiji;7.502837684;0.881;0.7271;42.83;115.65;5.13;0.418;59;15.7;4.1;10.6;55.87;71.43;1.424;8.529;0;4;23.6;59;0.658;41.8;20.1;70;98.78;3.49;174;45.97;14;2.59
Angola;7.487891207;21.472;0.5316;42.66;136.13;7.22;0.407;37;11.39;7.3;20.7;46.71;39.28;1.472;289.295;11.168;10;167.4;460;0.65;21.26;32.1;52.3;63.48;68.13;105;60.72;36.82;0.41
Bhutan;7.161803714;0.754;0.6052;38.73;129.19;5.07;0.457;76;12.62;11.2;23.1;85.8;71.43;0.769;2.127;0;1.7;36.2;120;0.116;34.37;26.2;69.5;82.07;21.14;135;59.46;8.33;6.75
Guatemala;7.062322214;15.468;0.6272;52.35;115.02;7.11;0.533;79;10.69;4.3;13.7;33.08;33.51;0.765;776.551;6.703;39.9;31;140;1.331;23.4;27.6;71.8;106.63;33.27;105;66.19;13.29;0.47
Morocco;6.967386448;33.575;0.628;40.88;104.14;5.67;0.525;100;11.56;1.2;9.9;11.54;93.6;1.764;24.759;0;2.2;30.4;120;10;56.8;44.5;74;131.71;10.75;220;4.11;10.98;0.15
Georgia;6.946616038;4.477;0.7541;41.35;106.97;6.45;0.382;100;13.8;1;5.7;39.39;72.8;1.769;14.778;0.611;4.3;13.1;41;5.392;48.9;9.1;74.9;124.94;0.18;225;28.3;11.33;4.37
Swaziland;6.472;1.25;0.5306;51.49;122.09;3.38;0.557;42;11.33;4.1;8.6;33.24;57.26;0.865;44.565;0.027;33.8;80;310;0.968;27.1;46.8;49;72.32;32.69;284;74.56;14.74;2.04
Guyana;6.3375;0.8;0.6357;49.99;109.46;3.38;0.515;80;10.29;22.1;70.8;77.24;57.26;2.253;41.872;0;17;36.6;250;0.177;37.35;38.4;66.4;70.54;7.81;260;52.31;31.34;1.85
Philippines;6.326198752;98.394;0.6682;43.03;111.2;6.84;0.42;88;11.28;1.2;4.8;26.07;59.67;0.863;10423.958;9.597;8.8;29.9;120;4.681;39.69;23.6;68.2;111.22;24.22;111;40.33;27.07;0.22
Cape Verde;6.21242485;0.499;0.6462;43.82;108.75;5.7;0.373;71;13.47;1.6;9.1;21.26;71.43;0.867;2.171;0;10.3;26;53;0.503;40.26;16.1;73.3;121.79;8.6;267;39.55;20.83;2.98
Bolivia;5.934776497;10.671;0.6618;46.64;121.41;5.85;0.444;91;13.15;8.5;16.2;52.23;72.75;1.561;272.882;15.9;12.1;39.1;200;0.798;39.02;67.6;68.3;96.34;3.27;140;27.25;51.81;1.45
Republic of the Congo;5.678956835;4.448;0.5906;40.17;111.55;6.29;0.593;42;11.11;4.6;14.7;65.55;48.85;0.532;6.507;2.306;12.5;49.1;410;0.297;37.27;26.2;62.3;112.91;29.71;31;51.01;11.54;9.7
Samoa;5.578947368;0.19;0.7021;36.75;108.01;5.99;0.457;100;12.88;3;26.4;60.42;71.43;1.252;1.872;0;3.6;18.1;58;0.116;21.2;75.8;73.4;55.53;10.05;228;45.97;6.12;2.95
Nigeria;5.422688132;173.615;0.514;42.95;134.92;6.33;0.373;56;8.99;2.9;10.3;9.03;17.4;0.536;983.793;1.482;20;117.4;560;0.6;42.68;29.5;52.8;77.84;20.66;32;82.6;6.61;0.71
Myanmar;5.29988354;10.304;0.5356;38.4;112.45;8.49;0.413;52;8.63;10.3;16.5;47.69;21.31;0.199;66.005;0.147;15.2;50.5;200;2.044;2.1;31.8;65.9;49.47;25.21;120;78.69;4.72;0.19
India;5.238016516;1252.14;0.6087;33.6;131.97;4.68;0.563;79;11.7;16.4;25.8;23.11;72.3;1.699;15007.951;930.428;3.5;52.7;190;6.968;18;35.4;68;74.48;29.4;30;27.64;12.21;0.43
Tonga;5.142857143;0.105;0.717;34.56;108.32;5.99;0.666;96;14.7;3;11.1;12.5;71.43;0.982;0.458;0;1;12.1;120;0.045;40;26.2;72.8;64.28;9.61;150;49.71;0;5.16
Vietnam;5.124569441;89.709;0.6657;35.62;138.01;4.11;0.308;99;11.9;2.4;8;45.43;71.05;1.972;1799.523;85.057;3.3;23.8;49;7.572;48.31;38.5;75.8;147.11;5.5;145;28.23;24.3;0.07
Uzbekistan;5.002480077;30.241;0.6755;35.19;112.92;6.45;0.515;100;11.51;4.1;13.2;7.68;98.17;3.915;0.174;0;3.7;42.5;36;1.969;43.55;39.4;68.4;73.79;1.92;152;1.84;16.4;4.38
Laos;4.667651403;6.77;0.575;36.22;119.3;8.62;0.407;70;10.58;6.6;11.2;67.57;63.67;0.184;150.836;0;5.9;71.4;146;2.51;14.26;50.1;66.2;66.99;26.66;69;71.62;25;0.32
Moldova;4.520932846;3.559;0.6933;30.63;117.83;4.82;0.248;100;11.87;4.8;24.1;12.03;94.89;1.399;24.344;0;6.5;15.4;21;0.012;46.6;24.6;71.6;108;5.38;188;3.39;20.79;11.23
Nicaragua;4.493421053;6.08;0.6314;45.73;124.12;4.54;0.449;78;11.51;4.9;15.4;24.71;49.76;0.83;65.211;0.605;11.3;23.5;100;1.229;17.6;29.3;74.9;114.57;51.59;153;50.33;39.13;0.68
Palestine;4.48441247;4.17;0.6775;34.46;119.44;5.99;0.515;98;13;3;8.3;1.52;56.88;0.572;6.771;0.052;7.4;21.8;380;0.545;53.67;39.4;72.9;72.08;3.53;83.67;59.46;10.54;5.93
Pakistan;4.454082781;182.143;0.5384;29.63;132.2;7.14;0.536;94;7.79;9.6;9.1;2.08;60.89;0.928;5284.63;531.791;7.7;85.5;170;0.966;13.8;50;66.2;73.33;37.81;39;39.11;19.67;2.24
Honduras;4.445542109;8.098;0.6061;57.4;118.11;4.76;0.48;82;11.1;2.8;8.3;44.26;51.59;1.082;193.185;1.142;90.4;22.2;120;0.863;19.08;50.1;73.1;93.52;30.35;153;48.76;25.78;0.34
Ghana;3.864118896;25.905;0.5791;42.76;132.46;5.4;0.554;64;11.5;2.2;4.2;20.7;37.37;0.406;79.143;0;6.1;78.4;380;0.931;18.9;44.5;61.4;114.82;16.29;54;63.12;10.91;1.39
Yemen;3.832507068;24.407;0.4981;35.91;145.77;7.58;0.744;48;9.15;3;4.3;1.04;98.51;0.957;8.781;0.412;4.8;51.3;270;0.99;22.55;39.4;63.8;68.49;40.5;55;1.49;0.73;1.29
Zambia;3.799436;14.539;0.5855;57.49;121.34;10.1;0.587;22;13.5;10.8;20.8;66.1;8.76;0.224;380.677;2.234;10.7;87.4;280;0.915;17.34;51.9;60.1;67.34;44.51;119;91.83;12.66;0.68
Syria;3.367799114;19.633;0.5937;35.78;143.2;5.99;0.533;96;12.27;0.2;0.7;2.74;98.68;2.626;123.285;0;2.2;14.6;49;5.07;28.09;38.2;69.6;70.95;6.84;58;1.45;12.4;6.37
Micronesia;3.269230769;0.104;0.6396;61.1;114.14;5.99;0.515;59;11.68;3;9.5;91.69;56.88;1.241;0;0;4.6;36.4;96;0.042;22.73;39.4;69.1;79.09;27.24;80;80.47;0;2.51
Sudan;3.264671794;37.964;0.4791;35.29;218.04;4.11;0.591;33;7;11.5;23;23.18;29.51;0.354;1062.47;23.805;11.2;76.6;360;0.591;24.64;50.1;63.5;72.2;20.13;56;70.49;23.76;1.18
Kyrgyzstan;3.11013986;5.72;0.6553;33.39;127.53;3.91;0.353;100;12.51;4.5;14.2;5.15;68.38;1.2;220.565;0.34;9.1;24.2;75;3.076;28.3;46.8;70.6;134.46;2.95;181;39.38;23.33;4.09
Ivory Coast;3.107403032;20.316;0.4622;43.19;109.01;6.72;0.679;56;8.94;4.1;10.6;32.71;21.51;0.332;2.115;1.074;13.6;100;720;0.289;14.6;39.4;51.5;106.25;26.88;34;78.96;9.16;12.04
Mauritania;2.946015424;3.89;0.5059;40.46;115.43;10.09;0.61;22;8.5;1.5;4.5;0.23;72.8;0.624;178.816;1.409;5;90.1;320;0;10.7;38.4;63.1;94.2;35.87;45;61.96;22.17;2.32
Cambodia;2.943508424;15.135;0.5548;31.82;111.77;7.78;0.477;31;10.9;6.5;12.6;55.74;26.22;0.308;436.312;0;6.5;37.9;170;4.21;9;22.3;68.4;155.11;35.77;106;71.12;19.02;0.5
Sao Tome and Principe;2.901554404;0.193;0.555;33.87;132.4;9.12;0.492;61;11.29;3;9.5;28.13;56.88;0.561;0;0;3.3;51;210;0.012;24.41;44.4;66.5;64.94;33.87;128;80.47;18.18;3.29
Djibouti;2.898052692;0.873;0.4704;39.96;111.63;4.58;0.386;53;6.39;9.5;20.9;0.24;61.06;0.559;77.21;0;10.1;69.6;230;0.063;10.71;31.2;62;32.39;15.6;83;26.76;12.73;14.15
Vanuatu;2.885375494;0.253;0.5939;36.75;103.72;4.11;0.407;27;10.6;4.6;13.9;36.1;63.67;0.592;7.293;0;2.9;16.9;86;0.11;18.8;48;71.9;60.41;28.55;76;53.54;0;1.23
Bangladesh;2.853475526;156.595;0.5701;32.12;126.44;7.99;0.503;60;9.98;8.7;6.8;11.04;71.53;0.373;4402.25;11.935;2.7;41.1;170;0.148;9.6;53.3;71.6;75.92;33.8;42;28.47;20;0.89
Cameroon;2.739282826;22.254;0.5118;40.72;108.03;7.81;0.587;54;10.4;3.4;10.9;41.2;26.8;0.268;13.505;5.194;7.6;94.5;590;0.912;11;51.1;55.5;75.69;30.25;119;73.2;27.14;1.31
Kenya;2.705280245;44.354;0.5484;47.68;131.85;5.84;0.552;23;10.98;8.4;24.4;6.05;19.71;0.323;2052.324;0.548;6.4;70.7;400;1.434;43.4;45.1;61.6;73.84;22.37;121;80.29;20.81;2.15
Lesotho;2.492767599;2.074;0.4965;54.17;116.93;4.43;0.541;21;11.14;3.4;9.2;1.46;61.06;1.084;125.459;0.269;38;98;490;0.433;11;38.4;49.8;101.9;43.25;121;55.84;26.8;0.15
Papua New Guinea;2.457314575;7.321;0.5053;37.07;114.6;5.99;0.611;18;9.9;9.1;15.9;62.8;48.99;0.746;57.985;2.396;10.4;61.4;220;0.174;9.38;38.2;62.6;44.93;24.96;48;86.21;2.7;0.35
Tajikistan;2.431773879;8.208;0.6245;30.77;124.95;3.91;0.357;100;11.24;2.8;5.7;2.93;42.9;0.356;316.595;0.262;1.6;47.7;44;0.208;17.49;58.3;69.4;95.13;2.01;130;57.54;15.22;3.36
Nepal;2.172896356;27.797;0.5475;32.82;130.42;9.5;0.489;76;12.35;20;30.1;25.36;12.54;0.16;232.55;8.776;2.9;39.7;190;0.798;15.44;26;69.6;82.49;39.64;48;86.89;29.48;3.49
Senegal;2.170098351;14.133;0.4659;40.31;105.58;8.37;0.528;57;7.95;2.8;8.6;43.59;53.24;0.589;170.424;0;2.8;55.3;320;1.063;17.7;32.1;66.5;98.84;38.63;64;46.39;42.67;1.48
East Timor;2.036553525;1.149;0.5948;30.41;141.05;5.99;0.492;42;11.67;5.8;10.2;48.39;56.88;0.164;1.092;0;3.6;54.6;270;0.058;1.14;39.2;68.2;58.74;16.44;25;80.47;38.46;1.02
Chad;2.021832359;12.825;0.3919;43.3;109.95;8.03;0.706;6;7.4;2.3;7.4;9.03;72.8;0.045;553.174;1.357;7.3;147.5;980;0.1;2.5;46.8;51.6;39.75;49.01;41;88.29;14.89;3.42
Solomon Islands;1.996434938;0.561;0.5056;36.75;119.82;5.99;0.407;23;9.24;7.2;13.9;78.66;71.43;0.368;10.714;0.064;4.3;30.1;130;0.024;9;64;67.9;65.76;25.11;55;78;2;1.4
South Sudan;1.964412181;11.296;0.4667;37.07;149;5.99;0.45;5;7.56;12.8;27.1;31.06;48.99;1.38;85.826;0;13.9;99.2;730;0;15.9;38.2;55.7;24.5;24.96;65;86.21;24.35;5.57
Afghanistan;1.883673737;30.552;0.4653;27.82;127.19;5.99;0.693;43;9.27;5.3;6.2;2.07;48.99;0.421;528.893;4.927;6.5;97.3;400;0.786;6.39;46.4;60.4;74.88;46.8;76;76.35;27.64;0.34
Zimbabwe;1.773144876;14.15;0.5087;49.99;109.08;3.91;0.504;41;10.85;9.7;27.2;38.7;28.29;0.738;651.23;0;10.6;88.5;470;1.833;19.89;43.4;57.5;80.82;19.53;129;70.29;35.14;2.55
Kiribati;1.764705882;0.102;0.5902;39.27;114.14;5.99;0.492;59;12.32;3;9.5;15;56.88;0.628;0.032;0.009;8.2;58.2;130;0.006;12.25;73;66;17.41;21.1;114;80.47;8.7;2.56
Benin;1.733023346;10.323;0.4796;43.53;110.71;8.07;0.614;38;11.07;3.1;8.8;39.56;41.71;0.51;134.208;16.907;8.4;85.3;340;0.231;5.3;32.1;59.6;101.71;46.77;75;56.18;8.43;2.27
Tanzania;1.718037723;47.822;0.5212;37.82;141.01;11.54;0.547;15;9.17;18.3;31.6;36.83;10.69;0.158;527.293;3.247;12.7;51.8;410;1.063;4.86;45.4;65;62.77;33.35;78;89.31;36;0.64
Haiti;1.648735097;10.317;0.4834;59.21;121.96;9.73;0.603;38;8.67;2.4;3.3;3.61;21.98;0.22;550.808;9.785;10.2;72.8;380;0.295;11.4;20;62.8;64.71;19.69;96;78.02;3.48;0.37
Gambia;1.606273661;1.849;0.4406;47.28;115.48;7.25;0.622;35;8.77;2.6;7.6;47.79;63.67;0.243;54.277;0.045;10.2;73.8;430;0.171;15.56;52.7;60.2;119.63;27.04;56;53.54;9.43;8.81
Mali;1.589334727;15.302;0.4193;33.02;107.79;7.67;0.677;26;8.43;2.7;7.2;10.11;72.8;0.087;586.845;1.102;7.5;122.7;550;0.142;7;46.8;58;149.02;38.41;36;88.29;9.52;1.28
Burkina Faso;1.581930912;16.935;0.4023;39.78;107.26;8.37;0.631;13;7.77;2.8;7.3;20.21;72.8;0.121;817.001;6.979;8;97.6;400;0.218;9.4;15.4;58.7;71.74;30.93;28;61.96;13.33;4.12
Sierra Leone;1.495403808;6.092;0.4128;35.35;144.61;6.83;0.65;14;8.57;4.5;11;37.22;56.88;0.153;6.264;0.242;1.9;160.6;1100;0.081;2.1;44.4;50.9;76.66;52.25;52;80.47;12.4;1.58
Rwanda;1.426509298;11.777;0.4832;50.82;117.05;8.62;0.4;18;10.27;7.2;17.1;18.44;56.88;0.06;4.343;0.651;23.1;52;320;0.864;10.6;47.9;64.2;64.02;65.25;492;80.47;57.55;3.84
Comoros;1.401360544;0.735;0.5032;64.3;105.95;3.91;0.428;69;11.5;10.3;24;1.18;72.8;0.225;40.803;0;10;77.9;350;0.019;6.98;38.4;63.3;50.9;44.59;16;55.84;3.03;1.7
Madagascar;1.368811341;22.925;0.5099;40.63;123.23;7.07;0.407;15;10.35;6.9;15.2;21.38;63.67;0.113;518.969;27.637;11.1;56;440;0.196;3.7;46.4;65.1;38.22;62.03;87;71.62;20.53;0.15
Uganda;1.367785199;37.579;0.4827;44.55;142.72;5.2;0.538;18;9.77;12.3;26.9;14.07;48.99;0.108;389.938;32.053;10.7;66.1;360;1.206;17.71;62.2;58.5;52.43;75.16;97;74.19;34.97;1.41
Guinea-Bissau;1.361502347;1.704;0.4196;35.52;108.04;5.99;0.45;61;9.05;2.4;7.2;71.19;48.99;0.151;13.919;0.081;8.4;123.9;560;0.03;3.32;38.2;55.2;63.48;36.04;68.67;86.21;13.73;1.06
Togo;1.346633416;6.817;0.4835;45.96;108.18;6.81;0.588;32;12.23;2.8;8.5;4.91;15.22;0.324;32.847;1.46;10.3;84.7;450;0.327;5.7;44.4;59.7;68.97;36.14;64;82.44;17.58;2.97
Ethiopia;1.335692501;94.101;0.4418;33.6;176.77;6.25;0.558;27;8.5;6.7;16.5;12.01;5.72;0.084;2434.453;0.089;12;64.4;420;0.681;2.9;55.9;64.1;31.59;63.4;136;94.28;25.51;0.76
Guinea;1.213282248;11.745;0.4113;33.68;156.45;9.9;0.492;26;8.7;2.4;7.1;26.34;56.88;0.233;17.298;0.437;8.9;100.7;650;0.056;1.72;44.4;58.8;72.1;41.42;25;80.47;21.93;3.22
Eritrea;1.157429338;6.333;0.3909;36.75;113.65;4.11;0.407;36;4.1;8.7;25.8;15.08;21.73;0.088;189.834;0;7.1;49.9;380;0.107;0.99;52.7;63.7;6.39;30.98;120;78.27;22;0.25
Mozambique;1.069520787;25.834;0.4164;45.66;117.4;8.61;0.591;20;9.28;21.1;34.2;49.08;9.51;0.134;475.964;8.552;12.4;87.2;480;1.886;5.94;31.5;55.1;69.67;68.41;65;93.34;39.6;0.85
Niger;0.886658067;17.831;0.3483;31.16;105.79;7.24;0.713;14;5.42;1.9;5.3;0.93;61.06;0.086;1735.492;9.227;4.7;104.2;630;0.123;1.95;31.2;61.4;44.44;30.67;42;26.76;13.27;0.74
Liberia;0.850023288;4.294;0.4297;38.16;124.68;5.99;0.651;10;9.5;2;6.8;44.32;48.99;0.218;60.76;0.427;3.2;71.1;640;0;5.41;38.6;60.9;73.35;32.24;46;76.35;10.68;5.25
Democratic Republic of the Congo;0.783244957;67.514;0.4331;44.43;128.59;5.99;0.673;16;9.75;4.8;15.8;67.71;4.21;0.054;31.809;2.427;28.3;118.5;730;0.191;3;64.1;58.7;53.49;29.28;33;95.84;8.17;0.66
Malawi;0.754751574;16.363;0.4454;46.18;166.12;7.63;0.611;10;10.75;8.9;23.9;33.63;72.8;0.078;896.007;9.241;1.8;67.9;510;0.77;5.83;41.2;62.8;30.5;40.27;76;55.84;16.67;1.26
Burundi;0.746826724;10.163;0.3999;33.27;140.02;7.04;0.492;7;10.11;12.5;34.1;6.56;63.67;0.022;278.017;5.732;8;82.9;740;0.142;1.38;50.1;56.7;30.46;52.5;72;53.54;34.93;2.5
Central African Republic;0.58492201;4.616;0.3501;56.3;108.76;5.99;0.655;11;7.24;5.3;14.1;36.19;56.88;0.064;11.607;4.821;11.8;139.2;880;0.071;4.03;44.4;50.7;31.36;53.44;19;80.47;12.5;2.91
