status;history;amount;savings;employed;rate;personal;residence;property;age;housing;credits;job;persons;telephone;foreign;credit
1;4;1049;1;2;4;2;4;2;21;1;1;3;0;0;0;1
1;4;2799;1;3;2;3;2;1;36;1;2;3;1;0;0;1
2;2;841;2;4;2;2;4;1;23;1;1;2;0;0;0;1
1;4;2122;1;3;3;3;2;1;39;1;2;2;1;0;1;1
1;4;2171;1;3;4;3;4;2;38;2;2;2;0;0;1;1
1;4;2241;1;2;1;3;3;1;48;1;2;2;1;0;1;1
1;4;3398;1;4;1;3;4;1;39;2;2;2;0;0;1;1
1;4;1361;1;2;2;3;4;1;40;2;1;2;1;0;1;1
4;4;1098;1;1;4;2;4;3;65;2;2;1;0;0;0;1
2;2;3758;3;1;1;2;4;4;23;1;1;1;0;0;0;1
1;4;3905;1;3;2;3;2;1;36;1;2;3;1;0;0;1
1;4;6187;2;4;1;4;4;3;24;1;2;3;0;0;0;1
1;4;1957;1;4;1;2;4;3;31;2;1;3;0;0;0;1
2;3;7582;2;1;2;3;4;4;31;2;1;4;0;1;0;1
1;2;1936;5;4;2;4;4;3;23;1;2;2;0;0;0;1
1;2;2647;3;3;2;3;3;1;44;1;1;3;1;0;0;1
1;4;3939;1;3;1;3;2;1;40;2;2;2;1;0;0;1
2;2;3213;3;2;1;4;3;1;25;1;1;3;0;0;0;1
2;4;2337;1;5;4;3;4;1;36;2;1;3;0;0;0;1
4;4;7228;1;3;1;3;4;2;39;2;2;2;0;0;0;1
1;4;3676;1;3;1;3;3;1;37;1;3;3;1;0;0;1
2;4;3124;1;2;1;3;3;1;49;2;2;2;1;0;0;1
2;2;2384;1;2;4;3;1;4;33;1;1;2;0;0;0;0
2;4;1424;1;4;4;3;3;2;26;2;1;3;0;0;0;1
1;4;4716;5;2;1;3;3;1;44;2;2;2;1;0;0;1
2;3;4771;1;4;2;3;4;2;51;2;1;3;0;0;0;1
1;2;652;1;5;4;2;4;2;24;1;1;3;0;0;0;1
2;4;1154;1;5;2;3;4;1;37;2;3;2;0;0;0;1
4;2;3556;5;3;3;3;2;4;29;2;1;3;0;0;0;1
3;4;4796;1;5;4;3;4;4;56;3;1;3;0;0;0;1
3;4;3017;1;5;4;3;4;2;47;2;1;3;0;0;0;1
4;4;3535;1;4;4;3;4;3;37;2;2;3;0;1;0;1
4;4;6614;1;5;4;3;4;3;34;2;2;4;0;1;0;1
4;2;1376;3;4;4;2;1;3;28;2;1;3;0;0;0;1
1;2;1721;1;2;2;3;3;1;36;2;1;3;0;0;0;1
1;4;860;1;5;1;2;4;4;39;2;2;3;0;1;0;1
4;4;1495;1;5;4;3;1;1;38;2;2;2;1;0;0;1
4;4;1934;1;5;2;3;2;4;26;2;2;3;0;0;0;1
4;2;3378;5;3;2;3;1;2;31;2;1;3;0;1;0;1
4;4;3868;1;5;4;2;2;3;41;1;2;4;0;1;0;1
4;4;996;5;4;4;2;4;1;23;2;2;3;0;0;0;1
1;2;1755;1;5;4;2;4;1;58;2;1;2;0;1;0;1
4;4;1028;1;3;4;2;3;1;36;2;2;3;0;0;0;1
2;4;2825;5;4;4;3;3;4;34;2;2;3;1;1;0;1
2;2;1239;5;3;4;3;4;4;61;3;1;3;0;0;0;1
1;2;1216;1;2;4;2;3;3;23;1;1;3;0;1;0;0
4;2;1258;1;4;4;3;1;1;25;2;1;3;0;1;0;1
4;4;1864;2;3;4;2;2;1;30;2;2;3;0;0;0;0
4;2;1474;2;2;4;4;3;1;33;2;1;3;0;1;0;1
1;4;1382;2;4;4;3;1;1;26;2;2;3;0;1;0;1
4;2;640;1;3;4;1;2;1;49;2;1;2;0;0;0;1
3;2;3919;1;3;2;3;2;1;23;2;1;3;0;1;0;1
4;4;1224;1;3;3;3;1;1;30;2;2;3;0;0;0;1
4;4;2331;5;5;1;3;4;1;49;2;1;3;0;1;0;1
4;2;6313;5;5;3;3;4;3;41;2;1;4;1;1;0;1
1;4;385;1;4;4;2;3;1;58;2;4;2;0;1;0;1
4;4;1655;1;5;2;3;4;1;63;2;2;2;0;1;0;1
1;2;1053;1;2;4;4;2;1;27;2;1;3;0;0;1;1
4;2;3160;5;5;4;3;3;2;41;2;1;3;0;1;0;1
4;2;3079;5;3;4;3;4;1;36;2;1;3;0;0;0;1
4;4;1163;3;3;4;3;4;1;44;2;1;3;0;1;0;1
4;2;2679;1;2;4;2;1;4;29;2;1;4;0;1;0;1
4;4;3578;5;5;4;3;1;1;47;2;1;3;0;1;0;1
4;3;10875;1;5;2;3;2;3;45;2;2;3;1;1;0;1
1;3;1344;1;3;4;3;2;1;43;2;2;2;1;0;0;1
4;4;1237;2;3;1;2;1;2;27;2;2;3;0;0;0;1
4;2;3077;1;3;2;3;4;3;52;2;1;3;0;1;0;1
4;2;2284;1;4;4;3;2;3;28;2;1;3;0;1;0;1
2;2;1567;1;3;1;2;1;3;22;2;1;3;0;1;0;1
4;3;2032;1;5;4;3;4;4;60;3;2;3;0;1;0;1
2;4;2745;4;4;3;3;2;3;32;2;2;3;0;1;0;1
4;2;1867;5;5;4;3;4;3;58;2;1;3;0;1;0;1
4;2;2299;3;5;4;3;4;3;39;2;1;3;0;0;0;1
4;2;929;5;4;4;3;2;3;31;2;1;3;0;1;0;1
3;2;3399;5;5;2;3;3;3;37;2;1;4;0;0;0;1
2;2;2030;5;4;2;3;1;3;24;2;1;3;0;1;0;1
4;4;3275;1;5;1;3;4;3;36;2;1;4;0;1;0;1
4;4;1940;4;5;4;3;4;1;60;2;1;3;0;1;0;1
1;4;1602;1;5;4;4;3;3;30;2;2;3;0;1;0;1
4;2;1979;5;5;4;3;2;3;35;2;1;3;0;0;0;1
4;4;2022;1;3;4;2;4;3;37;2;1;3;0;1;0;1
4;4;3342;5;5;4;3;2;3;51;2;1;3;0;1;0;1
2;2;5866;2;3;2;3;2;3;30;2;2;3;0;1;0;1
3;4;2360;3;3;2;3;2;3;36;2;1;3;0;1;0;1
4;4;1520;5;5;4;3;4;2;63;2;1;3;0;0;0;1
1;2;3651;4;3;1;3;3;2;31;2;1;3;1;0;0;1
4;4;2346;1;4;4;3;3;3;35;2;2;3;0;1;0;1
4;3;4454;1;3;4;2;4;1;34;2;2;3;0;0;0;1
1;4;666;4;4;3;2;4;1;39;2;2;2;0;1;0;1
2;3;1965;5;3;4;2;4;3;42;1;2;3;0;1;0;1
2;4;1995;2;2;4;3;1;3;27;2;1;3;0;0;0;1
2;2;2991;5;5;2;2;4;3;25;2;1;3;0;0;0;1
2;0;4221;1;3;2;2;1;3;28;2;2;3;0;0;0;1
1;2;1364;1;4;3;3;4;1;59;2;1;3;0;0;0;1
2;4;6361;1;5;2;3;1;4;41;2;1;3;0;1;0;1
4;4;4526;4;2;4;3;2;1;32;2;2;2;1;1;0;1
2;4;3573;1;3;1;2;1;1;23;2;1;2;0;0;0;1
2;3;4455;1;3;2;1;2;1;30;2;2;4;0;1;0;0
1;2;2136;1;3;3;3;2;1;25;2;1;3;0;0;0;1
2;4;5954;1;4;2;2;1;1;41;2;2;2;0;0;0;1
4;4;3777;4;3;4;3;4;1;40;2;1;3;0;1;0;1
1;2;806;1;3;4;2;4;2;22;2;1;2;0;0;0;1
2;3;4712;5;3;4;3;2;2;34;2;2;4;0;1;0;1
2;3;7432;1;3;2;2;2;2;54;1;1;3;0;0;0;1
4;4;1851;1;4;4;4;2;3;33;2;2;3;0;1;0;1
4;2;1393;1;3;2;3;2;1;31;2;1;3;0;1;0;1
4;4;1412;1;3;4;2;2;1;29;2;2;4;0;1;0;1
4;2;1473;1;2;3;4;4;1;39;2;1;3;0;1;0;1
4;2;1533;1;2;4;2;3;3;38;2;1;3;0;1;0;1
4;4;2012;5;4;4;2;2;3;61;2;1;3;0;0;0;1
1;2;3959;1;3;3;2;2;2;29;2;1;3;0;1;0;0
1;2;428;1;5;2;2;1;2;49;2;1;3;0;1;0;1
2;4;2366;3;4;3;1;3;3;36;2;1;4;0;1;0;1
4;2;763;1;3;4;2;1;1;26;2;1;3;0;1;0;1
2;2;3976;5;4;2;3;3;3;35;2;1;3;0;1;0;1
2;2;6260;1;4;3;3;3;1;28;1;1;2;0;0;0;1
2;4;1919;1;4;4;3;3;3;35;1;1;3;0;1;0;1
4;2;2603;4;3;2;2;4;3;28;1;1;3;0;1;0;1
4;4;936;3;5;4;3;2;3;52;2;2;3;0;1;0;1
4;2;3062;3;5;4;3;3;4;32;1;1;3;0;1;0;1
2;2;4795;1;2;4;2;1;4;30;2;1;4;0;1;0;1
4;4;5842;1;5;2;3;2;2;35;2;2;3;1;1;0;1
2;2;2063;1;2;4;4;3;3;30;1;1;4;0;1;0;1
4;4;1459;1;3;4;2;2;3;43;2;1;2;0;0;0;1
4;2;1213;3;5;4;3;3;2;47;2;1;3;0;1;0;1
4;4;5103;1;2;3;4;3;4;47;3;3;3;0;1;0;1
4;2;874;5;2;4;2;1;1;24;2;1;3;0;0;0;1
4;2;2978;3;3;1;3;2;3;32;2;1;3;0;1;0;1
4;2;1820;1;3;2;4;2;2;30;2;1;4;0;1;0;1
4;4;2872;2;5;3;3;4;1;36;2;1;3;1;1;0;1
3;2;1925;1;3;2;3;2;1;26;2;1;3;0;0;0;1
4;2;2515;1;3;3;3;4;1;43;2;1;3;0;1;0;1
3;2;2116;1;3;2;3;2;1;41;2;1;3;0;1;0;1
4;2;1453;1;2;3;2;1;1;26;2;1;3;0;0;0;1
4;2;1364;1;3;2;2;4;3;64;2;1;3;0;1;0;1
4;2;1543;4;3;4;1;2;1;33;2;1;3;0;0;0;1
2;2;1318;4;5;4;3;4;1;54;2;1;3;0;1;0;1
1;1;2325;2;4;2;3;3;3;32;2;1;3;0;0;0;1
2;4;932;5;4;1;2;3;2;39;2;2;2;0;0;0;1
3;4;3148;5;3;3;3;2;3;31;2;2;3;0;1;0;1
4;2;3835;5;5;2;2;4;1;45;2;1;2;0;1;0;1
4;2;3832;5;5;1;3;4;1;64;2;1;2;0;0;0;1
2;2;5084;5;5;2;2;4;3;42;2;1;3;0;1;0;1
4;4;2406;1;1;2;3;3;3;31;2;1;4;0;0;0;1
4;2;2394;5;3;4;2;4;3;25;2;1;3;0;0;0;1
4;2;2476;5;5;4;3;4;1;46;2;1;4;0;1;0;1
1;2;2964;5;5;4;3;4;4;49;3;1;3;1;1;0;1
1;2;1262;5;5;2;1;4;2;49;2;1;2;0;1;0;1
4;2;1542;1;4;2;3;4;3;36;2;1;3;0;1;0;1
2;4;1743;1;5;4;3;2;2;48;2;2;2;0;0;0;1
3;1;409;4;3;3;2;3;1;42;1;2;3;0;0;0;1
4;2;2171;1;2;2;2;2;3;29;2;1;3;0;0;0;1
4;4;8858;5;4;2;3;1;4;35;3;2;3;0;1;0;1
2;2;3512;2;4;2;3;3;3;38;2;2;3;0;1;0;1
2;2;1158;3;3;3;1;1;3;26;2;1;3;0;1;0;1
4;4;2684;1;3;4;3;2;1;35;2;2;2;0;0;0;1
1;2;1498;1;3;4;2;1;3;23;2;1;3;0;0;0;1
4;4;5954;1;4;3;3;2;3;38;2;1;3;0;0;0;1
2;1;6416;1;5;4;2;3;4;59;1;1;3;0;0;0;0
2;4;3617;1;5;1;3;4;3;28;1;3;3;0;1;0;1
4;4;1291;1;3;4;2;2;2;35;2;2;3;0;0;0;1
3;4;1275;4;3;2;1;4;1;36;2;2;3;0;1;0;1
4;2;3972;1;4;2;2;4;2;25;1;1;3;0;1;0;1
4;4;3343;1;3;4;3;2;4;28;3;1;3;0;1;0;1
3;2;392;1;2;4;2;4;2;23;1;1;3;0;1;0;1
4;4;2134;1;3;4;3;4;3;48;2;3;3;0;1;0;1
4;4;5771;1;4;4;2;2;3;25;2;2;3;0;0;0;1
4;4;4526;1;3;3;3;2;1;74;2;1;4;0;1;0;1
4;4;2788;1;4;2;2;3;3;24;2;2;3;0;0;0;1
4;4;1382;1;3;1;2;1;3;28;2;2;3;0;1;0;1
3;2;5848;1;3;4;3;1;3;24;2;1;3;0;0;0;1
1;2;1228;1;3;4;2;2;1;24;2;1;2;0;0;0;0
3;2;1297;1;3;3;4;4;1;23;1;1;3;0;0;0;1
4;2;1552;1;4;3;3;1;3;32;2;1;3;1;0;0;1
4;2;1963;1;4;4;3;2;3;31;1;2;4;1;1;0;1
4;2;3235;3;5;3;1;2;3;36;2;1;4;0;1;0;1
4;4;4139;2;3;3;3;3;2;27;2;2;2;0;1;0;1
2;4;1804;2;2;3;3;4;2;44;2;1;3;0;0;0;1
4;2;1950;1;4;4;3;1;3;34;2;2;3;0;1;0;1
4;3;12749;3;4;4;3;1;3;37;2;1;4;0;1;0;1
4;2;1236;1;2;1;2;4;1;23;1;1;3;0;1;0;1
4;4;1055;1;2;4;2;1;2;30;2;2;3;0;0;0;1
1;0;8072;5;2;2;3;3;3;25;2;3;3;0;0;0;1
4;4;2831;1;3;4;2;2;3;33;2;1;3;0;1;0;1
4;2;1449;1;4;3;2;2;3;27;2;2;3;0;0;0;1
4;2;5742;2;4;2;3;2;3;31;2;2;3;0;1;0;1
4;2;2390;5;5;4;3;3;3;50;2;1;3;0;1;0;1
4;2;3430;3;5;3;3;2;3;31;2;1;3;1;1;0;1
2;2;2273;1;4;3;3;1;3;32;2;2;3;1;0;0;1
3;2;2923;2;3;1;2;1;3;28;2;1;4;0;1;0;1
4;2;1901;2;3;4;3;4;3;29;1;1;4;0;1;0;1
2;2;3711;5;3;2;4;2;3;27;2;1;3;0;0;0;1
2;2;8487;5;4;1;2;2;3;24;2;1;3;0;0;0;1
4;2;2255;5;2;4;3;1;2;54;2;1;3;0;0;0;1
4;2;1262;1;3;3;3;2;3;25;2;1;3;0;0;0;1
4;4;7253;1;4;3;3;2;3;35;2;2;4;0;1;0;1
4;4;6761;1;4;1;3;3;4;45;2;2;4;1;1;0;1
4;4;1817;1;3;4;2;2;4;28;2;2;3;0;0;0;1
4;2;2141;2;4;3;3;1;4;35;2;1;3;0;0;0;1
4;1;3609;1;3;1;2;1;1;27;2;1;3;0;0;0;1
4;2;2333;3;5;4;3;2;3;30;2;1;4;0;0;0;1
4;1;7824;5;2;3;3;4;1;40;1;2;3;1;1;0;1
3;1;1445;5;4;4;3;4;3;49;2;1;2;0;0;0;1
1;2;7721;5;2;1;2;2;2;30;2;1;3;0;1;1;1
1;2;3763;5;4;2;3;2;1;24;2;1;2;0;0;1;1
2;2;4439;1;5;1;3;1;1;33;2;1;4;0;1;0;1
1;2;1107;1;3;2;3;2;1;20;1;1;4;1;1;0;1
2;2;1444;5;2;4;3;1;2;23;2;1;3;0;0;0;1
2;1;12169;5;1;4;3;4;4;36;3;1;4;0;1;0;1
4;2;2753;2;5;3;3;4;3;35;2;1;3;0;1;0;1
3;2;1494;5;2;1;3;2;1;29;2;1;2;1;0;1;1
1;1;2828;3;3;4;3;4;1;22;2;1;3;0;1;0;1
1;1;2483;3;3;4;3;4;1;22;2;1;3;0;1;0;1
3;4;1299;1;3;1;3;1;1;74;2;3;1;1;0;1;1
2;2;1549;5;2;4;3;2;1;35;2;1;1;0;0;0;1
3;2;3949;1;2;1;3;1;2;37;2;1;2;1;0;0;1
4;2;2901;5;2;1;2;4;1;31;1;1;3;0;0;0;1
3;2;709;4;2;2;4;2;1;27;2;1;1;0;0;1;1
1;2;10722;1;2;1;2;1;1;35;2;1;2;0;1;0;1
4;2;1287;5;5;4;3;2;2;45;2;1;2;0;0;1;1
1;1;1940;1;2;3;3;4;4;36;3;1;4;0;1;0;1
3;4;3656;5;5;4;3;4;2;49;2;2;2;0;0;0;1
4;3;4679;1;4;3;3;3;3;35;2;2;2;0;1;0;1
4;3;8613;4;3;2;3;2;3;27;2;2;3;0;0;0;1
1;2;2659;4;3;4;3;2;3;28;2;1;3;0;0;0;1
4;4;1516;4;3;4;2;1;1;43;2;2;2;0;0;0;1
1;2;4380;2;3;3;3;4;3;35;2;1;2;1;1;0;1
4;3;802;1;3;4;3;2;3;27;2;2;2;0;0;0;1
4;2;1572;4;5;4;2;4;1;36;2;1;2;0;0;0;1
2;1;3566;2;4;4;3;2;3;30;2;1;3;0;0;0;1
4;2;1278;1;5;4;3;1;1;36;2;1;4;0;1;0;1
4;0;426;1;5;4;4;4;3;39;2;1;2;0;0;0;1
4;2;8588;2;5;4;3;2;3;45;2;1;4;0;1;0;1
1;2;3857;1;3;4;1;4;2;40;2;1;4;0;1;0;1
2;2;685;1;4;2;4;3;3;25;2;1;2;0;0;0;0
1;2;1603;1;5;4;2;4;3;55;2;1;3;0;0;0;1
4;2;2241;1;5;4;3;2;1;50;2;2;3;0;0;0;1
1;2;2384;1;5;4;3;4;1;64;1;1;2;0;0;0;1
4;2;601;1;2;1;2;3;1;23;1;1;2;1;0;0;1
4;2;2569;3;3;4;3;4;3;24;2;1;3;0;0;0;1
4;4;1316;3;3;2;4;2;2;47;2;2;2;0;0;0;1
4;2;10366;1;5;2;3;4;2;42;2;1;4;0;1;0;1
4;2;1568;2;3;3;2;4;2;24;1;1;2;0;0;0;1
4;4;629;3;5;4;3;3;2;32;2;2;4;0;1;0;1
4;1;1750;3;5;2;3;4;2;45;2;1;2;1;0;0;1
4;2;3488;2;4;3;2;4;3;23;2;1;3;0;0;0;1
4;4;1800;1;3;4;3;2;3;24;2;2;3;0;0;0;1
4;3;4151;2;3;2;3;3;2;35;2;2;3;0;0;0;1
2;2;2631;2;3;3;2;2;1;25;2;1;2;0;0;0;1
4;2;5248;5;3;1;3;3;3;26;2;1;3;0;0;0;1
2;3;2899;5;5;4;3;4;3;43;2;1;3;1;0;0;1
2;3;6204;1;3;2;3;4;1;44;2;1;2;1;1;0;1
4;2;804;1;5;4;3;4;3;38;2;1;3;0;0;0;1
4;2;3595;1;5;4;3;2;3;28;2;1;3;0;0;0;1
4;4;5711;4;5;4;3;2;3;38;2;2;4;0;1;0;1
3;2;2687;1;4;2;3;4;2;26;1;1;3;0;1;0;1
1;3;3643;1;5;1;2;4;2;27;2;2;2;0;0;0;1
4;4;2146;1;2;1;2;3;1;23;1;2;3;0;0;0;1
1;2;2315;1;5;3;3;4;1;52;2;1;2;0;0;0;1
4;2;3448;1;4;1;3;4;1;74;2;1;2;0;0;0;1
4;2;2708;1;2;2;3;3;2;27;2;2;2;0;0;0;1
4;4;1393;1;2;4;2;4;3;35;2;2;4;0;0;0;1
3;2;1275;1;2;4;2;2;2;23;2;1;3;0;0;0;1
4;2;1313;1;5;1;3;4;3;20;2;1;3;0;0;0;1
4;2;1493;1;2;4;2;3;3;34;2;1;3;1;0;0;1
4;2;2675;3;5;3;3;4;3;40;2;1;3;0;0;0;1
2;2;2118;1;3;2;3;2;1;37;2;1;2;1;0;0;1
4;2;909;3;5;4;3;4;2;36;2;1;3;0;0;0;1
4;4;1258;1;2;2;2;4;2;22;1;2;2;0;0;0;1
4;1;1569;2;5;4;3;4;3;34;2;1;2;1;0;0;1
4;2;1236;3;3;2;3;4;2;50;1;1;3;0;0;0;1
4;3;7678;3;4;2;2;4;3;40;2;2;3;0;1;0;1
4;2;660;3;4;2;4;4;1;23;1;1;2;0;0;0;1
4;2;2835;3;5;3;3;4;2;53;2;1;3;0;0;0;1
4;2;2670;1;5;4;3;4;3;35;2;1;4;0;1;0;1
4;1;3447;3;3;4;2;3;1;35;2;1;2;1;0;0;1
4;2;3568;1;5;4;2;2;3;54;1;1;4;0;1;0;1
2;4;3652;1;4;2;3;3;2;27;2;2;3;0;0;0;1
1;2;3660;1;3;2;2;4;3;28;2;1;3;0;0;0;1
3;2;1126;2;5;2;1;4;1;49;2;1;3;0;0;0;1
3;3;683;1;2;2;2;1;2;29;2;1;3;0;0;0;1
3;2;2251;1;3;1;2;2;3;46;2;1;2;0;0;0;1
4;2;4675;5;2;1;2;4;3;20;1;1;3;0;0;0;1
2;3;2353;1;3;1;1;4;2;47;2;2;3;0;0;0;1
1;2;3357;4;2;4;2;2;3;29;2;1;3;0;0;0;1
4;2;672;1;1;1;2;4;1;54;2;1;1;0;1;0;1
1;4;338;3;5;4;3;4;3;52;2;2;3;0;0;0;1
4;2;2697;1;3;1;3;2;1;32;2;1;3;1;0;0;1
4;2;2507;3;5;2;3;4;4;51;3;1;2;0;0;0;1
4;3;1478;1;3;4;4;3;1;33;2;2;3;0;0;0;1
4;4;3565;5;2;2;3;1;2;37;2;2;2;1;0;0;1
4;2;2221;3;3;2;2;4;3;20;1;1;3;0;0;0;1
4;4;1898;5;3;1;3;2;1;34;2;2;2;1;0;0;1
2;3;1449;2;5;1;1;2;3;31;2;2;3;1;0;0;1
4;3;960;4;4;3;2;2;2;30;2;2;3;0;0;0;1
4;2;8133;1;3;1;2;2;2;30;2;1;3;0;0;0;1
4;2;2301;2;2;2;2;4;2;22;1;1;3;0;0;0;1
4;3;1743;2;3;1;3;2;1;34;2;2;2;0;0;0;1
2;2;983;4;2;1;2;4;1;19;1;1;2;0;0;0;1
4;3;2320;1;1;2;4;3;1;34;2;2;3;0;0;0;1
1;1;339;1;5;4;4;1;3;45;2;1;2;0;0;0;1
3;2;5152;1;4;4;3;2;3;25;2;1;3;0;0;0;1
3;2;3749;1;2;2;2;4;3;26;2;1;3;0;0;0;1
4;4;3074;5;3;1;3;2;1;33;2;2;3;1;0;0;1
3;2;745;1;3;3;2;2;1;28;2;1;2;0;0;0;0
4;2;1469;2;5;4;4;4;1;41;1;1;2;0;0;0;1
1;2;1374;1;3;1;3;2;1;36;2;1;2;0;1;0;1
4;1;783;5;3;1;3;2;1;26;2;1;2;1;0;0;1
1;2;2606;1;2;4;2;4;2;28;1;1;4;0;1;0;1
4;0;9436;5;3;2;3;2;2;39;2;1;2;1;0;0;1
4;4;930;5;5;4;3;4;1;65;2;4;3;0;0;0;1
4;4;2751;5;5;4;3;3;3;38;2;2;3;1;1;0;1
4;4;250;4;3;2;2;2;1;41;2;2;2;0;0;0;1
2;2;1201;1;2;4;3;1;2;26;2;1;3;0;0;0;1
1;2;662;1;2;3;3;4;1;41;2;1;2;1;1;0;1
4;2;1300;5;5;4;3;4;4;45;3;1;3;1;0;0;1
4;1;1559;1;4;4;3;4;3;40;2;1;3;0;1;0;1
3;2;3016;1;3;3;4;1;3;24;2;1;3;0;0;0;1
4;4;1360;1;3;4;3;2;2;31;2;2;3;0;0;0;1
4;0;1204;2;3;4;3;1;4;35;1;1;3;0;0;1;1
4;2;1597;3;3;3;3;2;4;40;1;1;2;1;0;1;1
4;2;2073;2;3;4;2;2;1;28;2;1;3;0;0;0;1
4;2;2142;4;5;1;1;2;1;28;2;1;3;0;1;0;1
1;4;2132;5;2;2;2;3;1;27;1;2;3;0;0;1;1
4;2;1546;1;3;3;3;2;1;31;2;1;2;1;0;1;1
4;4;1287;4;5;4;2;4;1;37;2;2;3;0;1;0;1
4;2;1418;2;3;3;3;2;1;35;1;1;2;0;0;1;1
3;4;1343;1;5;1;3;4;1;46;2;2;3;1;0;1;1
4;2;2662;5;4;4;3;3;2;32;2;1;3;0;0;1;1
4;4;6070;1;5;3;3;4;3;33;2;2;3;0;1;0;1
4;4;1927;5;3;3;2;2;3;33;2;2;3;0;1;0;1
4;4;2404;1;3;2;2;2;3;26;2;2;3;0;0;0;1
4;4;1554;1;4;1;2;2;3;24;1;2;3;0;1;0;1
4;2;1283;5;4;4;2;4;2;25;1;1;3;0;0;0;1
4;3;717;5;5;4;4;4;3;54;2;2;3;0;1;0;1
1;2;1747;1;2;4;3;1;2;24;2;1;2;0;0;1;1
1;4;1288;2;5;3;3;4;1;48;2;2;3;1;0;1;1
1;4;1038;1;4;4;3;3;2;49;2;2;3;0;1;0;1
4;2;2848;2;3;1;3;2;1;32;2;1;3;1;0;0;1
4;2;1413;4;4;3;3;2;2;55;2;1;3;0;0;1;1
4;4;3077;5;5;3;3;2;3;40;2;2;3;1;1;0;1
1;1;3632;1;3;1;2;4;3;22;1;1;3;0;0;1;1
4;4;3229;5;1;2;3;4;4;38;2;1;4;0;1;0;1
4;2;3577;2;3;1;3;2;1;26;1;1;3;1;0;1;1
4;4;682;2;4;4;2;3;3;51;2;2;3;0;1;0;1
4;2;1924;1;3;1;3;4;2;38;2;1;3;0;1;1;1
4;2;727;3;5;4;3;4;4;46;3;1;3;0;1;0;1
3;4;781;1;5;4;3;4;4;63;3;2;3;0;1;0;1
1;4;2121;1;3;4;3;2;2;30;2;2;3;0;0;0;1
4;4;701;1;3;4;3;2;3;32;2;2;3;0;0;0;1
4;4;2069;5;3;2;4;1;3;26;2;2;3;0;0;1;1
4;2;1525;4;4;4;2;3;3;34;2;1;3;1;1;0;1
4;4;7629;5;5;4;1;2;3;46;2;2;4;1;0;0;1
1;4;3499;1;3;3;2;2;1;29;2;2;3;0;0;0;0
4;2;1346;2;5;2;3;4;4;42;3;1;3;1;1;0;1
4;4;10477;5;5;2;3;4;4;42;3;2;3;0;0;0;1
1;2;2924;1;3;3;3;4;4;63;2;1;3;1;1;0;1
4;4;1231;1;5;3;3;4;1;32;2;2;2;1;0;1;1
3;2;1961;1;5;3;2;2;3;23;2;1;4;0;0;0;1
4;4;5045;5;5;1;2;4;3;59;2;1;3;0;1;0;1
4;4;1255;1;5;4;3;4;1;61;2;2;2;0;0;0;1
1;2;1858;1;2;4;2;1;3;22;1;1;3;0;0;0;1
4;4;1221;5;3;1;4;2;2;27;2;2;3;0;0;0;1
4;2;1388;1;3;4;2;2;1;26;1;1;3;0;0;0;1
4;2;2279;5;3;4;3;4;4;37;3;1;3;0;1;0;1
4;0;2759;1;5;2;3;4;2;34;2;2;3;0;0;0;1
3;2;1258;3;3;3;2;3;3;57;2;1;2;0;0;0;1
2;0;1410;1;3;2;3;2;1;31;2;1;2;0;1;0;1
1;2;1403;1;3;2;2;4;3;28;1;1;3;0;0;0;1
1;2;3021;1;3;2;1;2;1;24;1;1;2;0;0;0;1
1;2;6568;1;3;2;4;2;3;21;2;1;2;0;0;0;1
4;4;2578;4;5;2;3;2;3;34;2;1;3;0;0;0;1
2;4;7758;4;5;2;2;4;4;29;1;1;3;0;0;0;1
1;2;343;1;2;4;2;1;1;27;2;1;3;0;0;0;1
4;3;1591;2;4;4;3;3;1;34;2;2;4;0;0;0;1
1;2;3416;1;3;3;3;2;3;27;2;1;4;0;0;0;1
1;0;1108;1;4;4;3;3;1;28;2;2;3;0;0;0;0
2;3;5965;1;5;1;3;2;3;30;2;2;4;0;1;0;1
2;2;1514;2;3;4;3;2;1;22;2;1;3;0;0;0;1
4;4;6742;5;4;2;3;3;2;36;2;2;3;0;0;0;1
1;2;3650;1;2;1;2;4;3;22;1;1;3;0;0;0;1
1;2;3599;1;4;1;2;4;3;26;1;1;2;0;0;0;1
4;4;13756;5;5;2;3;4;4;63;3;1;4;0;1;0;1
2;2;276;1;3;4;4;4;1;22;1;1;2;0;0;0;1
4;4;4041;3;3;4;3;4;1;36;2;2;3;0;1;0;1
2;2;458;1;3;4;3;3;1;24;2;1;3;0;0;0;1
2;2;918;1;3;4;2;1;2;30;2;1;3;0;0;0;0
4;2;7393;1;3;1;3;4;2;43;2;1;2;1;0;0;1
3;2;1225;1;3;2;3;2;3;37;2;1;3;0;1;0;1
1;2;2812;5;5;2;2;4;1;26;1;1;3;0;0;0;1
4;2;3029;1;4;2;3;2;3;33;2;1;3;0;0;0;1
3;4;1480;3;1;2;3;4;4;66;3;3;1;0;0;0;1
3;4;1047;1;3;2;2;4;2;50;2;1;2;0;0;0;1
4;4;1471;1;3;4;3;4;4;35;3;2;3;0;1;0;1
4;2;5511;2;3;4;3;1;3;25;2;1;3;0;0;0;1
2;2;1206;1;5;4;2;4;1;25;2;1;3;0;0;0;1
2;3;6403;1;2;1;3;2;3;33;2;1;3;0;0;0;1
4;2;707;1;3;4;3;2;1;30;2;2;3;0;0;0;1
4;3;1503;1;3;4;4;4;1;41;1;1;3;0;0;0;1
2;2;6078;1;4;2;3;2;3;32;2;1;3;0;0;0;1
2;2;2528;1;2;4;2;1;2;32;2;1;3;1;1;0;1
2;2;1037;2;4;3;3;4;1;39;2;1;2;0;0;0;1
1;2;1352;3;1;1;2;2;2;23;1;1;1;0;1;0;1
4;2;3181;1;2;4;2;4;2;26;2;1;3;0;1;0;1
4;2;4594;1;2;3;3;2;3;32;2;1;3;0;1;0;1
2;2;5381;5;1;3;3;4;4;40;3;1;1;0;1;0;1
4;2;4657;1;3;3;3;2;3;30;2;1;3;0;1;0;1
2;2;1391;1;3;2;4;1;1;27;2;1;3;0;1;0;1
2;2;1913;4;2;3;4;3;1;36;2;1;3;0;1;0;1
4;2;7166;5;4;2;4;4;2;29;1;1;3;0;1;0;1
4;2;1409;2;1;2;2;4;1;64;2;1;3;0;0;0;1
4;3;2978;5;3;4;3;4;1;32;2;2;3;1;1;0;1
4;4;976;5;5;4;3;4;3;35;2;2;3;0;0;0;1
4;3;2375;3;3;4;3;2;3;44;2;2;3;1;1;0;1
4;4;522;3;5;4;3;4;2;42;2;2;3;1;1;0;1
4;4;2743;1;5;4;3;2;3;29;2;2;3;0;0;0;1
4;4;1154;2;1;4;2;4;1;57;2;3;2;0;0;0;1
4;4;5804;4;3;4;3;2;1;27;2;2;3;0;0;0;1
4;4;1169;5;3;4;3;3;2;29;2;2;3;0;1;0;1
1;4;1478;1;5;4;3;4;3;44;2;2;3;1;1;0;1
4;2;776;1;3;4;4;2;1;28;2;1;3;0;0;0;1
2;4;1322;4;3;4;2;4;3;40;2;2;3;0;0;0;1
2;4;1175;1;1;2;3;3;3;68;3;3;1;0;1;0;1
4;2;2133;5;5;4;2;4;4;52;3;1;4;0;1;0;1
4;4;1829;1;5;4;3;4;3;46;2;2;3;0;1;0;1
4;4;717;1;5;4;3;4;1;52;2;3;3;0;0;0;1
2;3;11760;2;4;2;3;3;4;32;1;1;3;0;1;0;1
2;4;1501;1;5;2;2;3;3;34;2;2;4;0;1;0;0
1;2;1200;5;3;4;2;4;2;23;1;1;3;0;1;0;1
2;2;3195;5;3;1;2;2;1;33;2;1;2;0;0;0;1
4;4;4530;1;4;4;2;4;3;26;1;1;4;0;1;0;1
4;3;1555;4;5;4;3;4;4;55;3;2;3;1;0;0;0
2;4;2326;3;3;2;3;4;3;27;2;1;3;0;0;0;1
2;4;1887;5;3;4;4;4;1;28;2;2;3;0;0;0;1
4;4;1264;5;5;4;3;4;4;57;1;1;2;0;0;0;1
4;3;846;5;5;3;3;4;4;36;3;1;3;0;0;0;1
4;4;1532;2;3;4;2;3;3;31;2;1;3;0;0;0;1
4;3;935;1;3;3;2;2;1;24;2;1;3;0;0;0;1
1;4;2442;1;5;4;3;4;3;43;2;4;4;1;1;0;1
2;4;3590;1;1;3;4;3;3;40;2;3;1;1;1;0;1
4;4;2288;1;2;4;2;4;2;23;2;1;3;0;1;0;1
4;3;5117;1;4;3;3;4;3;26;2;2;3;0;0;0;1
1;4;14179;5;4;4;3;4;2;30;2;2;4;0;1;0;1
4;2;1386;5;3;4;4;2;1;40;1;1;3;0;1;0;1
4;4;618;1;5;4;3;4;1;56;2;1;3;0;0;0;1
4;2;1574;1;3;4;3;2;1;50;2;1;3;0;0;0;1
4;4;700;5;5;4;3;4;4;36;3;2;3;0;0;0;1
4;2;886;5;3;4;2;2;3;21;2;1;3;0;0;0;1
4;2;4686;1;3;2;3;2;4;32;3;1;4;0;1;0;1
2;2;790;3;3;4;2;3;1;66;2;1;2;0;0;0;1
2;2;766;3;3;4;3;3;1;66;2;1;2;0;0;0;0
1;2;2212;5;4;4;3;4;3;39;2;1;3;0;1;0;1
2;2;7308;1;1;2;3;4;4;70;3;1;4;0;1;0;1
2;4;5743;1;2;2;2;4;4;24;3;2;3;0;1;0;1
1;2;3973;1;1;1;3;4;4;22;3;1;3;0;0;0;1
2;3;7418;5;3;1;3;1;1;27;2;1;2;0;0;0;1
2;3;2629;1;3;2;3;3;3;29;2;2;3;0;1;0;1
2;2;1941;4;3;4;3;2;2;35;2;1;2;0;1;0;1
2;3;2333;5;2;4;3;2;2;29;2;1;2;0;0;0;1
4;2;2445;5;2;2;4;4;3;26;1;1;3;0;1;0;1
2;2;6468;5;1;1;1;4;1;60;2;1;4;0;1;0;1
2;4;7374;1;1;4;3;4;2;40;2;2;4;0;1;0;1
4;2;3812;2;2;1;2;4;3;23;2;1;3;0;1;0;1
1;2;4006;1;3;3;3;2;3;45;2;1;2;0;0;0;0
2;2;7472;5;1;1;2;2;1;24;1;1;1;0;0;0;1
3;2;1424;5;5;3;2;4;1;55;2;1;4;0;1;0;1
2;2;2028;5;3;4;3;2;3;30;2;1;3;0;0;0;1
4;2;5324;3;5;1;2;4;4;35;3;1;3;0;0;0;1
2;2;2323;1;4;4;3;4;3;24;1;1;3;0;0;0;1
4;2;1393;1;5;4;3;4;2;47;2;3;3;1;1;0;1
4;2;1984;1;3;4;3;4;4;47;3;2;3;0;0;0;1
4;2;999;5;5;4;3;2;3;25;2;2;3;0;0;0;1
4;2;7409;5;5;3;3;2;2;37;2;2;3;0;0;0;1
4;2;2186;5;4;1;2;4;1;33;1;1;2;0;0;0;1
3;2;4473;1;5;4;3;2;3;31;2;1;3;0;0;0;1
4;2;937;1;2;4;4;3;3;27;2;2;2;0;0;0;1
4;2;3422;1;5;4;3;4;2;47;2;3;3;1;1;0;1
4;2;3105;5;2;4;3;2;3;25;2;2;3;0;0;0;1
4;4;2748;1;5;2;2;4;4;57;3;3;2;0;0;0;1
2;2;3872;1;1;2;2;4;3;67;2;1;3;0;1;0;1
4;2;5190;5;5;4;3;4;2;48;2;4;3;1;1;0;1
2;2;3001;1;4;2;2;4;1;40;1;1;3;0;0;0;1
4;3;3863;1;3;1;3;2;4;32;3;1;3;0;0;0;1
4;4;5801;5;5;2;3;4;2;49;1;1;3;0;1;1;1
4;4;1592;4;4;3;2;2;2;35;2;1;3;0;0;0;1
4;4;1185;1;3;3;2;2;1;27;2;2;3;0;0;0;1
4;4;3780;1;2;3;1;2;3;35;2;2;4;0;1;0;1
2;4;3612;1;5;3;2;4;2;37;2;1;3;0;1;1;1
4;2;1076;1;3;2;4;2;1;26;2;1;3;0;1;0;1
4;2;3527;5;2;2;3;3;2;45;2;1;4;1;1;0;1
4;2;2051;1;2;4;3;1;1;33;2;1;3;0;0;0;1
4;4;3331;1;5;2;3;4;2;42;2;1;3;0;0;0;1
1;0;3104;1;4;3;3;1;2;31;2;1;3;0;1;0;1
4;4;2611;1;5;4;4;3;1;46;2;2;3;0;0;0;1
1;4;1409;1;5;4;3;3;1;54;2;1;3;0;0;0;1
4;2;1311;2;4;4;4;3;2;26;2;1;3;0;1;0;1
4;2;2108;1;4;2;4;2;1;29;1;1;3;0;0;0;1
4;4;4042;5;4;3;3;4;2;43;2;2;3;0;1;0;1
4;4;926;1;1;1;2;2;2;38;2;1;1;0;0;0;1
1;2;1680;3;5;3;4;1;1;35;2;1;3;0;0;0;1
4;2;1249;1;2;4;4;2;1;28;2;1;3;0;0;0;1
4;4;2463;2;4;4;4;3;2;27;2;2;3;0;1;0;1
4;2;1595;1;4;3;3;2;2;51;2;1;3;1;0;0;1
4;4;2058;1;3;4;1;2;1;33;2;2;3;0;1;0;1
4;2;7814;1;4;3;3;3;3;38;2;1;4;0;1;0;1
4;4;1740;1;5;2;4;2;1;30;1;2;3;0;0;0;1
4;4;1240;5;5;4;2;2;1;38;2;2;3;0;1;0;1
4;4;6842;5;3;2;3;4;2;46;2;2;4;1;1;0;1
4;4;5150;1;5;4;3;4;3;33;2;1;3;0;1;0;1
1;2;1203;2;5;3;3;2;2;43;2;1;3;0;1;0;1
4;4;2080;3;3;1;4;2;3;24;2;1;3;0;0;0;1
4;2;1538;1;2;1;2;2;4;56;2;1;3;0;0;0;1
2;4;3878;2;2;4;1;2;3;37;2;1;3;0;1;0;1
2;2;3832;1;2;2;4;1;2;22;2;1;3;0;0;0;1
4;2;3186;4;4;2;2;3;3;20;1;1;3;0;0;0;1
2;2;2896;2;2;2;3;1;3;29;2;1;3;0;0;0;1
2;3;6967;2;4;4;3;4;3;36;1;1;4;0;1;0;1
4;2;1819;1;3;4;3;4;4;37;3;1;3;0;1;0;0
4;2;5943;5;2;1;2;1;3;44;2;2;3;0;1;0;0
4;4;7127;1;2;2;2;4;2;23;1;2;3;0;1;0;0
4;2;3349;1;3;4;2;2;3;28;2;1;4;0;1;0;0
4;2;10974;1;1;4;2;2;3;26;2;2;4;0;1;0;0
4;2;518;1;3;3;2;1;1;29;2;1;3;0;0;0;1
4;2;1126;5;2;4;2;2;1;21;1;1;3;0;1;0;1
2;4;1860;1;1;4;3;2;3;34;2;2;4;0;1;0;1
4;4;9566;1;3;2;2;2;3;31;2;2;3;0;0;0;1
1;2;701;1;3;4;4;2;1;40;2;1;2;0;0;0;1
2;2;2930;1;4;2;2;1;1;27;2;1;3;0;0;0;1
4;2;1505;1;3;4;3;2;4;32;3;1;4;0;1;0;1
4;4;2238;1;3;2;2;1;3;25;2;2;3;0;0;0;1
4;4;1503;1;4;2;3;1;1;42;2;2;2;1;0;0;1
4;4;2197;5;4;4;3;4;3;43;2;2;3;1;1;0;1
3;2;1881;1;3;2;2;2;3;44;1;1;2;0;1;0;1
1;4;1880;1;4;4;4;1;2;32;2;2;4;0;1;0;1
1;2;2389;1;2;4;2;1;3;27;2;1;3;0;0;0;1
2;2;1967;1;5;4;2;4;3;20;2;1;3;0;1;0;1
4;4;3380;1;4;1;2;1;1;37;2;1;3;1;0;0;1
4;4;1455;1;4;2;3;1;1;42;2;3;2;1;0;0;1
4;4;730;5;5;4;3;2;2;46;1;2;2;0;1;0;1
2;0;3244;1;3;1;2;4;3;33;2;2;3;0;1;0;1
2;2;1670;1;2;4;2;2;3;22;2;1;3;0;1;0;0
2;2;3979;5;4;4;3;1;3;41;2;2;3;1;1;0;1
2;2;1922;1;3;4;3;2;2;37;2;1;2;0;0;0;0
2;4;1295;1;2;4;2;1;2;27;2;2;3;0;0;0;1
4;4;1544;1;4;2;3;1;1;42;2;3;2;1;0;0;1
2;2;907;1;2;3;4;2;1;26;2;1;3;0;1;0;1
2;2;1715;5;3;4;2;1;3;26;2;1;3;0;0;0;1
3;4;1347;5;4;4;3;2;2;27;2;2;3;0;1;0;1
2;2;1007;4;3;4;4;1;1;22;2;1;3;0;0;0;1
4;4;1402;3;4;3;2;4;3;37;1;1;3;0;1;0;1
2;2;2002;1;4;3;3;4;2;30;1;1;3;1;1;0;1
4;4;2096;1;4;2;3;3;1;49;2;1;2;1;0;0;1
4;2;1101;1;3;3;4;2;1;27;2;2;3;0;1;0;1
4;2;894;5;4;4;2;3;2;40;2;1;3;0;1;0;1
2;2;1577;4;2;4;2;1;1;20;2;1;3;0;0;0;1
4;3;2764;1;3;2;2;2;3;26;2;2;3;0;1;0;1
2;0;8358;3;2;1;2;1;3;30;2;2;3;0;0;0;1
3;2;1474;1;2;4;2;1;2;33;2;1;4;0;1;0;1
4;2;5433;5;1;2;2;4;2;26;1;1;4;0;1;0;1
2;2;1410;3;5;1;4;2;1;35;2;1;3;0;1;0;1
4;4;3485;5;2;2;1;4;1;44;2;2;3;0;1;0;1
4;4;3850;1;4;3;3;1;3;27;2;2;3;0;0;0;1
2;2;7408;2;2;4;2;2;2;24;2;1;4;0;0;0;0
3;2;1377;2;5;4;2;2;4;47;3;1;3;0;1;0;1
4;3;4272;2;3;2;3;2;2;26;2;2;2;0;0;0;1
2;3;1553;2;4;3;2;2;2;23;1;2;3;0;1;0;1
2;3;9857;2;4;1;3;3;2;31;2;2;2;1;1;0;1
4;4;362;2;3;4;2;4;3;52;2;2;2;0;0;0;1
4;4;1935;1;5;4;3;4;1;43;2;3;3;0;1;0;1
4;2;10222;5;4;4;3;3;3;37;2;1;3;0;1;0;1
3;2;1330;1;2;4;3;1;1;26;2;1;3;0;0;0;1
4;2;9055;5;3;2;3;4;4;35;3;1;2;1;1;0;1
2;2;7966;1;2;2;3;3;3;30;2;2;3;0;0;0;1
2;1;3496;4;3;4;3;2;3;34;2;1;3;1;1;0;1
2;2;6948;1;3;2;3;2;3;35;1;1;4;0;1;0;1
2;0;12204;5;3;2;3;2;3;48;2;1;4;0;1;0;1
1;2;3446;1;5;4;3;2;3;42;2;1;3;1;0;0;0
1;2;684;1;3;4;3;4;3;40;1;1;2;1;0;0;0
1;4;4281;3;3;1;2;4;3;23;2;2;3;0;0;0;0
1;2;7174;5;4;4;2;3;3;30;2;1;4;0;1;0;0
1;1;1546;1;4;4;3;4;3;24;1;1;2;0;0;0;0
1;2;2359;2;1;1;1;1;2;33;2;1;3;0;0;0;0
4;2;3621;2;5;2;3;4;3;31;2;2;3;0;0;0;0
1;2;741;2;1;4;2;3;2;22;2;1;3;0;0;0;0
1;2;7865;1;5;4;3;4;4;53;3;1;4;0;1;0;0
1;2;2910;1;4;2;3;1;4;34;3;1;4;0;1;0;1
1;4;5302;1;5;2;3;4;4;36;3;3;4;0;1;0;1
1;2;3620;1;3;1;3;2;2;37;2;1;3;1;0;0;1
1;2;3509;1;4;4;2;1;1;25;2;1;3;0;0;0;1
2;2;3017;1;2;3;2;1;1;34;1;1;4;0;0;0;1
1;2;1657;1;3;2;3;2;1;27;2;1;3;0;0;0;1
1;4;1164;1;5;3;3;4;4;51;3;2;4;1;1;0;1
1;4;6229;1;2;4;2;4;4;23;1;2;2;0;1;0;0
1;1;1193;1;1;1;2;4;4;29;1;2;1;0;0;0;0
1;0;4583;1;3;2;1;2;1;32;2;2;3;0;0;0;1
1;4;5371;1;3;3;3;2;2;28;2;2;3;0;0;0;1
1;2;708;1;3;2;3;3;2;38;2;1;2;1;0;0;1
1;4;571;1;5;4;3;4;1;65;2;2;3;0;0;0;1
1;2;2522;1;5;1;3;3;2;39;2;1;3;1;0;0;1
1;2;5179;1;4;4;3;2;2;29;2;1;3;0;0;0;0
1;2;8229;1;3;2;3;2;2;26;2;1;3;1;0;0;0
4;4;2028;1;4;2;3;2;2;30;2;2;2;0;0;0;1
1;2;1374;5;1;4;2;3;2;75;2;1;4;0;1;0;1
1;2;1289;1;3;4;3;1;2;21;2;1;2;0;0;0;1
1;2;2712;1;5;2;3;2;2;41;2;1;3;1;0;0;0
1;4;975;1;3;2;1;3;2;25;2;2;3;0;0;0;1
2;3;1050;1;1;4;3;1;2;35;2;2;4;0;1;1;1
1;4;609;1;4;4;2;3;2;37;2;2;3;0;0;0;1
1;2;4788;1;4;4;3;3;2;26;2;1;3;1;0;0;1
2;2;3069;2;5;4;3;4;4;30;3;1;3;0;0;0;1
2;2;836;2;2;4;2;2;2;23;2;1;2;0;0;0;0
1;2;2577;1;3;2;1;1;3;42;2;1;3;0;0;0;1
1;2;1620;1;3;2;2;3;2;30;2;1;3;0;0;0;1
1;2;1845;1;2;4;2;1;2;46;1;1;3;0;0;0;1
1;2;6579;1;1;4;3;2;4;29;3;1;4;0;1;0;1
1;2;1893;1;3;4;2;4;2;29;2;1;3;0;1;0;1
1;4;10623;1;5;3;3;4;4;38;3;3;4;1;1;0;1
1;2;2249;2;4;4;3;3;3;30;2;1;4;1;1;0;1
1;2;3108;1;2;2;1;4;2;31;2;1;2;0;0;0;0
2;4;958;1;4;2;3;3;1;47;2;2;2;1;0;0;1
4;2;9277;5;3;2;1;4;4;48;3;1;3;0;1;0;1
4;4;6314;1;1;4;3;2;4;27;2;2;4;0;1;0;1
1;4;1526;1;5;4;3;4;4;66;3;2;4;0;0;0;1
1;2;3590;1;3;2;3;2;2;29;2;1;2;1;0;0;1
1;4;6615;1;1;2;3;4;4;75;3;2;4;0;1;0;1
1;4;1872;1;1;4;3;4;4;36;3;3;4;0;1;0;1
4;2;2859;5;1;4;3;4;4;38;2;1;4;0;1;0;1
4;4;1582;4;5;4;3;4;3;46;2;2;3;0;0;0;1
4;2;1238;5;1;4;3;4;2;36;2;1;4;1;1;0;1
1;2;2578;1;1;3;2;4;4;55;3;1;4;0;0;0;1
1;4;1433;1;3;4;2;3;2;25;1;2;3;0;0;0;1
1;2;7882;1;4;2;3;4;2;45;3;1;3;1;0;0;1
1;2;4169;1;3;4;3;4;2;28;2;1;3;0;0;0;1
1;2;3959;1;1;4;3;3;2;30;2;1;4;0;1;0;1
1;2;3249;1;4;2;3;4;4;39;3;1;4;1;1;0;1
1;2;3149;1;2;4;3;1;4;22;3;1;3;0;0;0;1
1;4;2246;1;5;3;3;3;2;60;2;2;3;0;0;0;0
1;4;1797;1;2;3;3;1;2;28;2;2;2;0;0;0;1
1;4;4272;1;5;1;2;4;2;24;2;2;3;0;0;0;1
1;4;2957;1;5;4;3;4;2;63;2;2;3;0;1;0;1
1;4;2348;1;3;3;4;2;2;46;2;2;3;0;1;0;1
3;0;6289;1;2;2;1;1;2;33;2;2;3;0;0;0;1
1;4;6419;1;5;2;2;4;4;44;3;2;4;1;1;0;1
1;4;6143;1;5;4;2;4;4;58;3;2;2;0;0;0;0
4;4;1597;1;5;4;3;4;4;54;3;2;3;1;0;0;1
1;2;15857;1;1;2;1;3;3;43;2;1;4;0;0;0;1
4;4;2223;2;5;4;3;4;2;52;2;2;3;0;0;0;1
4;3;7238;5;5;3;3;3;3;32;2;2;3;1;0;0;1
2;3;2503;2;5;4;3;2;2;41;2;2;3;0;0;0;1
2;2;2622;2;3;4;3;4;3;34;2;1;3;0;0;0;1
2;2;4351;5;3;1;2;4;2;48;2;1;2;0;1;0;1
2;2;368;5;5;4;3;4;2;38;2;1;3;0;0;0;1
2;2;754;5;5;4;3;4;2;38;2;2;3;0;0;0;1
4;4;2424;5;5;4;3;4;2;53;2;2;3;0;0;0;1
2;3;6681;5;3;4;3;4;4;38;3;1;3;1;1;0;1
2;3;2427;5;5;4;3;2;2;42;2;2;3;0;0;0;1
2;4;1216;2;2;4;3;4;4;38;2;2;3;1;0;0;0
2;2;753;1;3;2;2;3;1;64;2;1;3;0;0;0;1
2;2;2576;1;3;2;3;2;1;35;2;1;3;0;0;1;1
2;2;590;1;2;3;4;3;1;26;2;1;2;0;0;1;1
2;2;1414;1;3;4;3;2;1;33;2;1;3;0;0;1;1
2;2;1103;1;4;4;3;3;1;29;2;2;3;0;0;0;1
2;3;585;1;3;4;4;4;1;20;1;2;3;0;0;0;1
2;2;1068;1;5;4;3;4;3;28;2;1;3;1;0;0;1
1;4;713;1;5;4;3;4;1;47;2;2;2;0;0;0;1
2;2;1092;1;3;4;2;4;1;49;2;2;3;0;1;0;1
2;2;2329;1;2;1;2;1;1;45;2;1;3;0;0;0;1
2;4;882;1;2;4;3;4;1;23;2;2;3;0;0;0;1
2;2;866;1;3;4;4;2;1;25;2;1;2;0;0;0;1
2;2;2415;1;3;3;3;2;1;34;2;1;3;0;0;0;1
2;2;2101;1;2;2;2;4;2;23;2;1;2;0;0;0;1
2;2;1301;1;5;4;4;2;1;32;2;1;2;0;0;0;1
2;2;1113;1;3;4;2;4;1;26;2;1;2;1;0;0;1
2;2;760;1;4;4;2;2;1;44;2;1;2;0;0;0;1
2;2;625;1;2;4;4;1;1;26;2;1;2;0;0;0;1
3;4;1323;2;5;2;1;4;3;28;2;2;3;1;1;0;1
1;4;1138;1;3;4;3;4;1;25;2;2;2;0;0;0;1
2;4;1795;1;5;3;2;4;1;48;1;2;2;0;1;0;1
2;4;2728;5;4;4;3;2;1;35;2;3;3;0;1;0;1
2;2;484;1;4;3;4;3;1;28;2;1;2;0;0;0;1
2;1;1048;1;3;4;3;4;1;23;2;1;2;0;0;0;1
2;2;1155;1;5;3;4;3;1;40;2;2;2;0;0;0;1
2;3;7057;5;4;3;3;4;2;36;1;2;4;1;1;0;1
2;4;1537;5;5;4;3;4;1;50;2;2;3;0;1;0;1
1;2;2214;1;3;4;3;3;2;24;2;1;2;0;0;0;1
4;4;1585;1;4;4;3;3;2;40;2;2;3;0;0;0;1
2;2;1521;1;3;4;1;2;3;31;2;1;2;0;0;0;1
2;1;3990;5;2;3;2;2;4;29;2;1;1;0;0;0;1
3;2;3049;1;2;1;2;1;2;45;2;1;2;0;0;0;1
1;2;1282;2;3;4;2;2;3;32;2;1;2;0;0;0;0
4;2;10144;2;4;2;2;4;1;21;2;1;3;0;1;0;1
1;2;1168;1;3;4;4;3;1;27;2;1;2;0;0;0;1
2;2;454;1;2;3;4;1;2;22;2;1;2;0;0;0;1
4;3;3594;1;2;1;2;2;2;46;2;2;2;0;0;0;1
4;2;1768;1;3;3;3;2;1;24;1;1;2;0;0;0;1
4;3;15653;1;4;2;3;4;3;21;2;2;3;0;1;0;1
3;3;2247;1;3;2;2;2;3;36;2;2;3;0;1;0;1
4;2;1413;1;3;4;4;2;2;28;2;1;3;0;0;0;1
2;4;4576;2;1;3;3;4;3;27;2;1;3;0;0;0;1
1;4;1231;4;5;4;2;4;2;57;1;2;4;0;1;0;1
1;2;8335;5;5;3;3;4;4;47;3;1;3;0;0;0;0
2;4;5800;1;3;3;3;4;3;34;2;2;3;0;1;0;1
1;3;8471;5;3;1;2;2;3;23;1;2;3;0;1;0;1
1;2;3622;4;5;4;2;4;2;57;1;2;3;0;1;0;1
1;4;1169;5;5;4;3;4;1;67;2;2;3;0;1;0;1
4;2;1262;3;4;4;3;3;2;36;2;2;3;0;1;0;1
3;4;3617;5;5;4;3;4;4;20;1;2;3;0;0;0;1
2;4;2181;5;5;4;3;4;1;36;2;2;3;0;0;0;1
1;1;7685;1;4;2;2;4;3;37;1;1;3;0;0;0;0
4;4;6110;1;3;1;3;3;4;31;3;1;3;0;1;0;1
4;2;3757;1;5;4;2;4;4;62;3;1;3;0;1;0;1
1;4;3394;1;1;4;3;4;3;65;2;2;1;0;0;0;1
4;4;6304;5;5;4;3;4;1;36;2;2;3;0;0;0;1
4;4;1244;5;5;4;2;4;2;41;1;2;2;0;0;0;1
4;2;3518;1;3;2;3;3;2;26;1;1;3;0;0;0;1
4;0;2613;1;3;4;3;2;3;27;2;2;3;0;0;0;1
1;2;7476;1;4;4;3;1;4;50;3;1;4;0;1;0;1
4;2;4591;4;3;2;3;3;2;54;2;3;4;0;1;0;0
2;2;1924;5;2;4;2;3;1;27;1;1;3;0;0;0;0
2;2;5595;2;3;2;4;2;3;24;2;1;3;0;0;0;0
2;3;6224;1;5;4;3;4;4;50;3;1;3;0;0;0;0
3;2;1905;1;5;4;3;4;3;40;1;1;4;0;1;0;1
4;3;2993;1;3;3;3;2;1;28;2;2;2;0;0;0;1
4;3;8947;5;4;3;3;2;3;31;2;1;4;1;1;0;1
1;2;4020;1;3;2;3;2;3;27;2;1;3;0;0;0;1
2;2;2779;1;3;1;4;3;3;21;1;1;3;0;1;0;1
4;2;2782;3;4;1;2;2;3;31;2;1;4;0;0;0;1
4;2;1884;1;5;4;3;4;3;39;2;1;4;0;1;0;1
4;4;11054;5;3;4;3;2;3;30;2;1;4;0;1;0;1
2;3;9157;5;3;2;3;2;4;27;3;1;4;0;0;0;1
2;1;9283;1;1;1;3;2;4;55;3;1;4;0;1;0;1
4;2;6527;5;3;4;3;4;4;34;3;1;3;1;1;0;1
4;4;3368;4;5;3;3;4;4;23;1;2;3;0;1;0;1
1;2;2511;1;1;1;2;4;3;23;1;1;3;0;0;0;1
1;2;5493;1;5;2;3;4;4;42;3;1;3;1;0;0;1
4;2;1338;3;3;1;1;4;1;62;2;1;3;0;0;0;1
2;2;1082;1;5;4;3;4;3;37;2;2;2;0;0;0;1
4;4;1149;4;3;4;3;3;1;46;2;2;3;0;0;0;1
2;2;1308;1;5;4;3;4;3;38;2;2;2;0;0;0;1
2;0;6148;2;5;3;4;4;3;31;2;2;3;0;1;0;1
4;2;1736;1;4;3;2;4;1;31;2;1;2;0;0;0;1
4;2;3059;4;4;2;1;4;1;61;2;1;2;0;0;0;1
1;2;2996;5;3;2;4;4;3;20;2;1;3;0;0;0;0
4;4;7596;5;5;1;3;4;3;63;2;2;3;0;0;0;1
4;2;4811;5;4;2;2;4;2;24;1;1;2;0;0;0;1
4;2;1766;1;3;1;4;2;2;21;1;1;3;0;0;0;1
2;2;2760;5;5;4;3;4;4;36;3;1;3;0;1;0;1
4;4;5507;1;5;3;3;4;4;44;3;2;3;0;0;0;1
2;2;1199;1;4;4;2;4;2;67;2;2;4;0;1;0;1
3;2;2892;1;5;3;1;4;4;51;3;1;3;0;0;0;1
2;3;2862;2;5;4;3;3;4;30;3;1;3;0;0;0;1
1;2;654;1;3;4;3;3;3;28;2;1;2;0;0;0;0
2;4;1136;4;5;4;3;3;4;32;3;2;3;1;0;0;0
2;2;4113;3;2;3;2;4;3;28;1;1;3;0;0;0;0
2;2;14555;5;1;1;3;2;2;23;2;1;1;0;1;0;0
1;0;950;1;5;4;3;3;3;33;1;2;3;1;0;0;0
1;4;1199;1;5;4;3;4;3;60;2;2;2;0;0;0;0
1;0;1082;1;3;4;3;4;3;48;2;2;3;0;0;0;0
2;2;2150;1;3;4;2;2;4;24;2;1;3;0;0;0;0
2;4;2820;1;2;4;1;4;3;27;2;2;3;0;0;0;0
2;2;3060;1;4;4;3;4;1;28;2;2;3;0;0;0;0
1;2;2600;1;3;4;3;4;4;65;3;2;3;0;0;0;0
4;0;5003;5;3;1;2;4;2;29;2;2;3;0;1;0;0
2;2;6288;1;3;4;3;4;4;42;3;1;3;0;0;0;0
4;3;2538;1;5;4;3;4;3;47;2;2;2;1;0;0;0
4;2;1478;1;4;4;3;2;3;22;2;1;3;0;0;0;0
2;4;4933;1;4;2;3;2;1;25;2;2;3;0;0;0;0
4;4;1530;1;3;3;3;2;2;32;2;2;3;0;0;0;0
2;1;1437;2;4;2;3;3;4;29;2;1;3;0;0;0;0
1;2;1275;5;3;4;2;2;3;24;1;1;3;0;0;0;0
1;2;1823;1;1;4;3;2;3;30;2;1;4;1;0;0;0
1;2;1422;1;2;3;3;2;4;27;3;1;4;0;1;0;0
1;2;1217;1;3;4;4;3;1;47;2;1;2;0;1;0;0
1;2;9271;1;4;2;3;1;3;24;2;1;3;0;1;0;0
1;3;2145;1;4;2;3;1;3;24;2;2;3;0;1;0;0
1;2;1842;1;2;4;2;4;3;34;2;1;3;0;1;0;0
2;3;4297;1;5;4;1;3;4;40;2;1;4;0;1;0;0
1;4;3384;1;3;1;1;4;1;44;1;1;4;0;1;0;0
2;4;1245;1;3;4;4;2;3;33;2;1;3;0;0;0;0
4;2;4623;2;3;3;3;2;2;40;2;1;4;0;1;0;0
2;4;8386;1;4;2;3;2;2;49;2;1;3;0;0;0;0
1;3;1024;1;2;4;4;4;1;48;2;1;3;0;0;0;0
2;2;14318;1;5;4;3;2;4;57;3;1;4;0;1;0;0
2;1;433;4;2;4;2;2;2;24;1;1;3;1;0;0;0
1;1;2149;1;3;4;1;1;4;29;3;1;3;0;0;0;0
4;2;2397;3;5;3;3;2;3;35;2;2;3;0;1;0;0
2;1;931;2;2;1;2;1;2;32;2;1;2;0;0;0;0
2;3;1512;4;3;3;4;3;2;61;2;2;3;0;0;0;0
2;0;4241;1;3;1;3;4;1;36;2;3;2;0;1;0;0
2;4;4736;1;2;2;2;4;3;25;2;1;2;0;0;0;0
2;0;1778;1;2;2;2;1;1;26;1;2;1;0;0;0;0
3;2;2327;1;2;2;2;3;1;25;2;1;2;0;0;0;0
1;1;6872;1;2;2;1;1;2;55;2;1;3;0;1;0;0
1;2;795;1;2;4;2;4;2;53;2;1;3;0;0;0;0
3;3;1908;1;5;4;3;4;1;66;2;1;4;0;1;0;0
2;0;1953;1;5;4;3;4;4;61;3;1;4;0;1;0;0
3;2;2864;1;3;2;3;1;1;34;2;1;2;1;0;0;0
3;4;2319;1;2;2;1;1;3;33;1;1;3;0;0;0;0
1;2;915;5;5;4;2;2;3;29;2;1;3;0;0;0;0
3;2;947;1;4;4;3;3;4;38;3;1;3;1;0;0;0
1;2;1381;5;3;4;2;2;2;35;2;1;3;0;0;0;0
1;2;1285;5;4;4;2;4;4;32;1;1;3;0;0;0;0
1;2;1371;5;3;4;2;4;1;25;1;1;3;0;0;0;0
2;2;1042;5;3;4;2;2;2;33;2;1;3;0;0;0;0
1;2;900;5;3;4;4;2;3;23;2;1;3;0;0;0;0
1;2;1207;1;2;4;2;4;2;24;1;1;3;0;0;0;0
2;0;2278;2;2;3;2;3;3;28;2;2;3;0;0;0;0
1;3;6836;1;5;3;3;4;4;63;2;2;3;0;1;0;0
1;2;3345;1;5;4;3;2;2;39;1;1;4;0;1;0;0
1;1;1198;1;5;4;2;4;4;35;3;1;3;0;0;0;0
2;2;15672;1;3;2;3;2;3;23;2;1;3;0;1;0;0
1;2;7297;1;5;4;3;4;4;36;1;1;3;0;0;0;0
4;2;1943;1;2;4;2;4;1;23;2;1;3;0;0;0;0
1;2;3190;1;3;2;2;2;1;24;2;1;3;0;0;0;0
2;1;5129;1;5;2;2;4;4;74;3;1;4;1;1;0;0
4;3;1808;1;4;4;2;1;1;22;2;1;3;0;0;0;0
3;2;1240;2;5;1;2;4;4;48;3;1;2;1;0;0;0
1;2;759;1;4;4;3;2;1;26;2;1;3;0;0;0;0
2;2;1237;1;3;3;2;4;1;24;2;1;3;0;0;0;0
4;2;1980;1;2;2;2;2;3;19;1;2;3;0;0;0;0
2;2;10961;4;4;1;3;2;4;27;2;2;3;0;1;0;0
1;3;6887;1;3;4;3;3;2;29;2;1;3;0;1;0;0
1;2;1938;1;2;4;1;3;2;32;2;1;3;0;0;0;0
1;2;1835;1;3;3;2;2;1;25;2;2;3;0;1;0;0
1;3;1659;1;2;4;2;2;3;29;1;1;2;0;1;0;0
2;3;1209;1;1;4;3;4;2;47;2;1;4;0;1;0;0
2;0;3844;2;4;4;3;4;4;34;3;1;2;1;0;0;0
1;4;4843;1;5;3;3;4;2;43;1;2;3;0;1;0;0
2;2;639;1;3;4;3;2;3;30;2;1;3;0;0;0;0
2;2;5951;1;3;2;2;2;1;22;2;1;3;0;0;0;0
2;0;3804;1;3;4;2;1;3;42;2;1;3;0;1;0;0
4;3;4463;1;3;4;3;2;3;26;2;2;4;0;1;0;0
4;3;7980;5;2;4;3;4;3;27;1;2;3;0;1;0;0
3;2;4210;1;3;4;3;2;3;26;2;1;3;0;0;0;0
4;2;4611;1;2;1;2;4;2;32;2;1;3;0;0;0;0
2;2;11560;1;3;1;2;4;3;23;1;2;4;0;0;0;0
4;0;4165;1;3;2;3;2;3;36;2;2;3;1;0;0;0
2;2;4057;1;4;3;1;3;3;43;2;1;3;0;1;0;0
4;1;6458;1;5;2;3;4;4;39;2;2;4;1;1;0;0
4;2;1386;3;3;2;2;2;2;26;2;1;3;0;0;0;0
1;2;1977;5;5;4;3;4;4;40;2;1;4;0;1;0;0
2;4;1928;1;2;2;3;2;1;31;2;2;2;0;0;0;0
4;2;1123;3;3;4;2;4;3;29;1;1;2;0;0;0;0
2;2;11328;1;3;2;3;3;3;29;2;2;4;0;1;0;0
2;4;11938;1;3;2;3;3;3;39;2;2;4;1;1;0;0
2;4;2520;3;3;4;3;2;2;23;2;2;2;0;0;0;0
2;3;1919;2;2;4;3;3;4;30;2;2;4;0;0;0;0
2;1;14782;2;5;3;2;4;4;60;3;2;4;0;1;0;0
2;2;2671;2;3;4;2;4;4;50;3;1;3;0;0;0;0
2;2;12612;2;3;1;3;4;4;47;3;1;3;1;1;0;0
2;2;3031;2;3;4;3;4;2;21;1;1;3;0;0;0;0
1;1;626;1;3;4;2;4;1;24;2;1;2;0;0;0;0
2;4;1935;1;5;4;1;4;1;31;2;2;3;0;1;0;0
3;4;1344;5;4;4;3;2;1;37;2;2;2;1;0;0;0
4;2;1533;1;2;4;4;1;2;43;2;1;2;1;0;0;0
1;2;3931;1;4;4;3;4;4;46;3;1;3;1;0;0;0
1;1;3349;3;2;4;3;4;4;30;3;1;3;1;1;0;0
1;2;2302;1;3;4;1;4;3;31;1;1;3;0;0;0;0
1;2;3965;1;2;4;3;3;3;34;2;1;3;0;0;0;0
1;2;727;2;2;4;4;3;4;33;2;1;2;0;1;0;0
4;2;3914;5;3;4;1;2;1;38;2;1;3;0;0;0;0
1;2;4308;1;2;3;2;4;2;24;1;1;3;0;0;0;0
2;2;1534;1;2;1;4;1;1;23;1;1;3;0;0;0;0
4;4;2775;1;4;2;3;2;2;31;2;2;3;0;0;0;0
1;4;5998;1;3;4;3;3;4;27;2;1;3;0;1;0;0
3;4;1271;5;3;3;3;4;4;39;3;2;3;0;1;0;0
2;2;1295;1;2;3;2;1;3;25;1;1;3;0;0;0;0
2;2;9398;1;2;1;4;4;3;28;1;1;4;0;1;0;0
2;2;951;2;2;4;2;4;3;27;1;4;3;0;0;0;0
2;2;1355;1;2;3;2;4;3;25;2;1;2;0;1;0;0
1;2;3051;1;3;3;3;4;3;54;2;1;3;0;0;0;0
4;4;7855;1;3;4;2;2;1;25;2;2;3;0;1;0;0
4;2;433;1;1;3;2;4;1;22;1;1;3;0;0;0;0
4;3;9572;1;2;1;1;1;3;28;2;2;3;0;0;0;0
2;1;1837;1;4;4;2;4;4;34;3;1;2;0;0;0;0
2;4;4249;1;1;4;4;2;3;28;2;2;4;0;0;0;0
2;4;5234;1;1;4;4;2;3;28;2;2;4;0;0;0;0
1;2;6758;1;3;3;2;2;3;31;2;1;3;0;1;0;0
1;2;1366;1;2;3;2;4;2;22;1;1;3;0;0;0;0
1;1;1358;5;5;4;3;3;3;40;2;1;4;0;1;0;0
1;2;2473;1;1;4;3;1;3;25;2;1;1;0;0;0;0
3;0;1337;1;2;4;3;2;3;34;2;2;4;0;1;0;0
1;2;7763;1;5;4;3;4;4;42;3;1;4;0;0;0;0
2;1;1264;2;3;2;4;2;2;25;1;1;3;0;0;0;0
2;2;2631;2;3;2;2;4;3;28;1;2;3;0;1;0;0
2;2;6560;2;4;3;3;2;2;24;2;1;3;0;0;0;0
1;2;3123;1;2;4;2;1;2;27;2;1;3;0;0;0;0
1;4;8065;1;3;3;2;2;4;25;2;2;4;0;1;0;0
1;2;2439;1;2;4;2;4;1;35;2;1;3;0;1;0;0
2;2;9034;2;2;4;3;1;4;29;1;1;4;0;1;0;0
2;2;14027;1;4;4;3;2;4;27;2;1;4;0;1;0;0
1;4;9629;1;4;4;3;4;3;24;2;2;3;0;1;0;0
2;2;1484;5;3;2;4;1;1;25;2;1;3;0;1;0;0
1;2;1131;1;1;4;2;2;3;33;2;1;3;0;0;0;0
2;3;2064;1;1;3;2;2;2;34;2;1;4;0;1;0;0
2;2;12976;1;1;3;2;4;4;38;3;1;4;0;1;0;0
4;3;2580;3;2;4;3;2;1;41;2;1;2;1;0;0;0
4;2;2570;1;3;3;2;3;1;21;1;1;3;0;0;0;0
2;2;3915;1;3;4;3;2;3;36;2;1;3;1;1;0;0
4;2;1309;5;3;4;3;4;2;27;2;1;2;0;0;0;0
1;2;4817;1;4;2;3;3;2;31;2;1;3;0;1;0;0
1;2;2579;1;2;4;3;1;1;33;2;1;2;1;0;0;0
2;3;2225;1;5;4;3;4;4;57;3;2;3;0;1;0;0
1;2;4153;1;3;2;3;3;3;42;2;1;3;0;0;0;0
1;0;3114;1;2;1;2;4;2;26;1;1;3;0;0;0;0
1;4;2124;1;3;4;2;4;1;24;1;2;3;0;0;0;0
1;1;1553;1;3;4;3;3;3;44;2;1;3;0;0;0;0
1;2;2406;1;4;4;2;4;1;23;1;1;3;0;0;0;0
1;3;1333;1;1;4;3;2;1;43;3;2;3;1;0;0;0
1;0;7119;1;3;3;3;4;4;53;3;2;3;1;0;0;0
1;3;4870;1;3;3;3;4;4;53;3;2;3;1;0;0;0
1;4;691;1;5;4;3;3;2;35;2;2;3;0;0;0;0
1;3;4370;1;4;3;3;2;2;26;2;2;3;1;1;0;0
1;1;2746;1;5;4;3;4;3;31;2;1;3;0;0;0;0
1;0;4110;1;5;3;3;4;4;23;1;2;3;1;0;0;0
1;2;2462;1;3;2;3;2;3;22;2;1;3;0;0;0;0
1;2;1282;1;3;2;2;4;3;20;1;1;3;0;0;0;0
2;0;2969;1;2;4;2;3;2;25;1;2;3;0;0;0;0
1;0;4605;1;5;3;3;4;4;24;3;2;3;1;0;0;0
1;4;6331;1;5;4;3;4;4;46;3;2;3;0;1;0;0
1;1;3552;1;4;3;3;4;3;27;2;1;3;0;0;0;0
1;1;697;1;2;4;3;2;3;46;2;2;3;0;1;0;0
1;2;1442;1;4;4;2;4;3;23;1;2;3;0;0;0;0
1;0;5293;1;1;2;3;4;2;50;2;2;3;0;1;0;0
1;3;3414;1;2;2;3;1;2;26;2;2;3;0;0;0;0
1;2;2039;1;3;1;2;4;1;20;1;1;3;0;0;0;0
1;1;3161;1;3;4;3;2;2;31;1;1;3;0;1;0;0
1;2;902;1;4;4;4;4;2;21;1;1;3;0;0;0;0
1;2;10297;1;4;4;3;4;4;39;3;3;3;1;1;0;0
2;0;14421;1;3;2;3;2;3;25;2;1;3;0;1;0;0
2;4;1056;1;5;3;3;3;1;30;2;2;3;0;0;0;0
1;2;1274;1;2;3;2;1;1;37;2;1;2;0;0;0;0
2;2;1223;1;5;1;1;1;1;46;1;2;3;0;0;0;0
1;2;1372;1;4;2;1;3;3;36;2;1;3;0;0;0;0
1;4;2625;1;5;2;3;4;2;43;1;1;3;0;1;1;0
1;4;2235;1;3;4;4;2;2;33;1;2;3;0;0;1;0
2;2;959;1;3;1;2;2;3;29;2;1;3;0;0;0;0
2;4;884;1;5;4;3;4;3;36;2;1;3;1;1;0;0
2;2;1246;1;2;4;3;2;1;23;2;1;2;0;0;0;0
2;3;8086;2;5;2;3;4;3;42;2;4;4;0;1;0;0
4;4;10127;3;3;2;3;2;4;44;3;1;3;0;0;0;0
2;2;888;1;5;4;3;4;3;41;2;1;2;1;0;0;0
4;2;719;1;5;4;3;4;3;41;2;1;2;1;0;0;0
2;2;12389;5;3;1;3;4;4;37;3;1;3;0;1;0;0
1;2;709;1;5;4;3;4;1;57;2;1;2;0;0;0;0
2;1;6850;2;1;1;3;2;2;34;2;1;4;1;1;0;0
4;2;2210;1;3;2;3;2;1;25;1;1;2;0;0;0;0
4;1;7485;5;1;4;2;1;1;53;2;1;4;0;1;0;0
1;1;1442;1;4;4;3;4;4;32;3;2;2;1;0;0;0
4;4;797;5;5;4;2;3;2;33;2;1;2;1;0;0;0
2;4;4746;1;2;4;3;2;2;24;2;2;2;0;0;0;0
3;4;939;3;4;4;4;2;1;28;2;3;3;0;1;0;0
2;2;1188;1;5;2;2;4;2;39;2;1;3;1;0;0;0
4;4;11590;2;3;2;2;4;3;24;1;2;2;0;0;0;0
3;1;609;1;2;4;2;1;1;26;2;1;1;0;0;0;0
1;4;1190;1;1;2;2;4;4;55;3;3;1;1;0;0;0
2;2;2767;2;5;4;1;2;3;61;1;2;2;0;0;0;0
2;2;3441;2;3;2;2;4;3;21;1;1;3;0;0;0;0
2;0;4280;2;3;4;2;4;3;26;1;2;2;0;0;0;0
2;2;3092;2;2;3;4;2;3;22;1;1;3;0;1;0;0
4;2;6761;5;3;2;3;4;3;68;1;2;3;0;0;0;0
2;2;1331;1;2;2;3;1;3;22;2;1;3;0;0;0;0
2;0;15945;1;2;3;3;4;4;58;1;1;3;0;1;0;0
1;2;3234;1;2;4;2;4;1;23;1;1;2;0;1;0;0
2;2;802;1;5;4;3;3;3;37;2;1;3;1;0;0;0
2;2;9960;1;2;1;2;2;3;26;2;1;3;0;1;0;0
4;3;8648;1;2;2;3;2;3;27;2;2;3;0;1;0;0
1;2;1345;1;3;4;4;3;1;26;2;1;3;0;0;0;0
1;2;1845;1;3;4;3;4;4;23;3;1;3;0;1;0;0
1;1;1647;5;3;4;3;2;2;40;2;2;2;1;0;0;0
4;2;4844;1;1;3;3;2;3;33;1;1;4;0;1;0;0
2;0;8318;1;5;2;2;4;4;42;3;2;4;0;1;0;0
3;2;2100;1;3;4;3;2;1;37;2;1;3;0;0;0;0
1;0;11816;1;5;2;3;4;3;29;1;2;3;0;0;0;0
1;2;448;1;2;4;2;4;2;23;2;1;3;0;0;0;0
1;2;11998;1;2;1;1;1;4;34;2;1;2;0;1;0;0
2;0;18424;1;3;1;2;2;2;32;2;1;4;0;1;1;0
1;2;14896;1;5;1;3;4;4;68;2;1;4;0;1;0;0
2;2;2762;5;5;1;2;2;2;25;2;1;3;0;1;0;0
1;2;3386;1;5;3;3;4;4;35;3;1;3;0;1;0;0
2;2;2039;1;2;1;4;1;2;22;2;1;3;0;1;0;0
4;3;2169;1;3;4;4;2;3;28;2;1;3;0;1;0;0
2;4;5096;1;3;2;2;3;3;30;2;1;4;0;1;0;0
1;2;1882;1;3;4;2;4;3;25;1;2;3;0;0;0;0
1;2;6999;1;4;1;4;1;1;34;2;2;3;0;1;0;0
4;4;2292;1;1;4;3;2;3;42;2;2;4;0;1;0;0
1;2;8978;1;5;1;1;4;2;45;2;1;4;0;1;1;0
1;2;674;2;4;4;4;1;2;20;2;1;3;0;0;0;0
1;2;976;1;2;1;2;2;3;23;2;1;2;0;0;0;0
2;2;2718;1;3;3;2;4;2;20;1;1;2;0;1;0;0
1;2;750;1;1;4;2;1;1;27;2;1;1;0;0;0;0
2;2;12579;1;5;4;2;2;4;44;3;1;4;0;1;0;0
1;2;7511;5;5;1;3;4;2;51;3;1;3;1;1;0;0
1;4;3966;1;5;1;2;4;1;33;1;3;3;0;1;0;0
1;0;6199;1;3;4;3;2;2;28;1;2;3;0;1;0;0
1;2;1987;1;3;2;3;4;1;21;1;1;2;1;0;0;0
1;2;2303;1;5;4;3;1;1;45;2;1;3;0;0;0;0
4;4;12680;5;5;4;3;4;4;30;3;1;4;0;1;0;0
2;2;6468;5;1;2;3;1;4;52;2;1;4;0;1;0;0
1;2;6350;5;5;4;3;4;2;31;2;1;3;0;0;0;0
